door_id,family,outcome,traversal_success,raw_goal_success,vertical_applicable,native_spatial_supported,simulator_error,isolated_retry,elapsed_sim_s,review_url
db0001_rollup,rollup,goal_not_reached_before_timeout,False,False,True,True,,False,16.0,https://adamraudonis.github.io/DoorBench/#/review?door=db0001_rollup
db0002_swing_single,swing_single,goal_not_reached_before_timeout,False,False,True,True,,False,16.0,https://adamraudonis.github.io/DoorBench/#/review?door=db0002_swing_single
db0003_cold_storage,cold_storage,goal_not_reached_before_timeout,False,False,True,True,,False,16.0,https://adamraudonis.github.io/DoorBench/#/review?door=db0003_cold_storage
db0004_bifold,bifold,robot_fell,False,False,True,True,,False,11.992,https://adamraudonis.github.io/DoorBench/#/review?door=db0004_bifold
db0005_garage_tiltup,garage_tiltup,goal_not_reached_before_timeout,False,False,True,False,,False,16.0,https://adamraudonis.github.io/DoorBench/#/review?door=db0005_garage_tiltup
db0006_gate_swing,gate_swing,goal_not_reached_before_timeout,False,False,True,True,,False,16.0,https://adamraudonis.github.io/DoorBench/#/review?door=db0006_gate_swing
db0007_sliding_single,sliding_single,goal_not_reached_before_timeout,False,False,True,True,,False,16.0,https://adamraudonis.github.io/DoorBench/#/review?door=db0007_sliding_single
db0008_sliding_bypass,sliding_bypass,goal_not_reached_before_timeout,False,False,True,True,,False,16.0,https://adamraudonis.github.io/DoorBench/#/review?door=db0008_sliding_bypass
db0009_bifold,bifold,goal_not_reached_before_timeout,False,False,True,True,,False,16.0,https://adamraudonis.github.io/DoorBench/#/review?door=db0009_bifold
db0010_swing_double,swing_double,success,True,True,True,True,,False,7.768,https://adamraudonis.github.io/DoorBench/#/review?door=db0010_swing_double
db0011_automatic_swing,automatic_swing,goal_not_reached_before_timeout,False,False,True,True,,False,16.0,https://adamraudonis.github.io/DoorBench/#/review?door=db0011_automatic_swing
db0012_swing_single,swing_single,goal_not_reached_before_timeout,False,False,True,True,,False,16.0,https://adamraudonis.github.io/DoorBench/#/review?door=db0012_swing_single
db0013_swing_single,swing_single,goal_not_reached_before_timeout,False,False,True,True,,False,16.0,https://adamraudonis.github.io/DoorBench/#/review?door=db0013_swing_single
db0014_gate_swing,gate_swing,goal_not_reached_before_timeout,False,False,True,True,,False,16.0,https://adamraudonis.github.io/DoorBench/#/review?door=db0014_gate_swing
db0015_swing_double,swing_double,goal_not_reached_before_timeout,False,False,True,True,,False,16.0,https://adamraudonis.github.io/DoorBench/#/review?door=db0015_swing_double
db0016_swing_single,swing_single,goal_not_reached_before_timeout,False,False,True,True,,False,16.0,https://adamraudonis.github.io/DoorBench/#/review?door=db0016_swing_single
db0017_hatch_ceiling,hatch_ceiling,not_upright_doorway,False,True,False,True,,False,8.852,https://adamraudonis.github.io/DoorBench/#/review?door=db0017_hatch_ceiling
db0018_sliding_single,sliding_single,goal_not_reached_before_timeout,False,False,True,True,,False,16.0,https://adamraudonis.github.io/DoorBench/#/review?door=db0018_sliding_single
db0019_swing_double,swing_double,goal_not_reached_before_timeout,False,False,True,True,,False,16.0,https://adamraudonis.github.io/DoorBench/#/review?door=db0019_swing_double
db0020_sliding_bypass,sliding_bypass,goal_not_reached_before_timeout,False,False,True,True,,False,16.0,https://adamraudonis.github.io/DoorBench/#/review?door=db0020_sliding_bypass
db0021_swing_single,swing_single,robot_fell,False,False,True,True,,False,5.42,https://adamraudonis.github.io/DoorBench/#/review?door=db0021_swing_single
db0022_swing_single,swing_single,goal_not_reached_before_timeout,False,False,True,True,,False,16.0,https://adamraudonis.github.io/DoorBench/#/review?door=db0022_swing_single
db0023_sliding_single,sliding_single,goal_not_reached_before_timeout,False,False,True,True,,False,16.0,https://adamraudonis.github.io/DoorBench/#/review?door=db0023_sliding_single
db0024_swing_single,swing_single,goal_not_reached_before_timeout,False,False,True,True,,False,16.0,https://adamraudonis.github.io/DoorBench/#/review?door=db0024_swing_single
db0025_swing_double,swing_double,goal_not_reached_before_timeout,False,False,True,True,,False,16.0,https://adamraudonis.github.io/DoorBench/#/review?door=db0025_swing_double
db0026_swing_single,swing_single,goal_without_valid_crossing,False,True,True,True,,False,8.972,https://adamraudonis.github.io/DoorBench/#/review?door=db0026_swing_single
db0027_swing_single,swing_single,goal_not_reached_before_timeout,False,False,True,True,,False,16.0,https://adamraudonis.github.io/DoorBench/#/review?door=db0027_swing_single
db0028_swing_single,swing_single,goal_without_valid_crossing,False,True,True,True,,False,8.442,https://adamraudonis.github.io/DoorBench/#/review?door=db0028_swing_single
db0029_sliding_single,sliding_single,goal_not_reached_before_timeout,False,False,True,True,,False,16.0,https://adamraudonis.github.io/DoorBench/#/review?door=db0029_sliding_single
db0030_bifold,bifold,goal_not_reached_before_timeout,False,False,True,True,,False,16.0,https://adamraudonis.github.io/DoorBench/#/review?door=db0030_bifold
db0031_saloon,saloon,success,True,True,True,True,,False,10.202,https://adamraudonis.github.io/DoorBench/#/review?door=db0031_saloon
db0032_sliding_single,sliding_single,goal_not_reached_before_timeout,False,False,True,True,,False,16.0,https://adamraudonis.github.io/DoorBench/#/review?door=db0032_sliding_single
db0033_gate_sliding,gate_sliding,goal_not_reached_before_timeout,False,False,True,True,,False,16.0,https://adamraudonis.github.io/DoorBench/#/review?door=db0033_gate_sliding
db0034_gate_swing,gate_swing,goal_not_reached_before_timeout,False,False,True,True,,False,16.0,https://adamraudonis.github.io/DoorBench/#/review?door=db0034_gate_swing
db0035_swing_single,swing_single,goal_not_reached_before_timeout,False,False,True,True,,False,16.0,https://adamraudonis.github.io/DoorBench/#/review?door=db0035_swing_single
db0036_swing_single,swing_single,goal_not_reached_before_timeout,False,False,True,True,,False,16.0,https://adamraudonis.github.io/DoorBench/#/review?door=db0036_swing_single
db0037_strip_curtain,strip_curtain,goal_not_reached_before_timeout,False,False,True,True,,False,16.0,https://adamraudonis.github.io/DoorBench/#/review?door=db0037_strip_curtain
db0038_sliding_single,sliding_single,goal_not_reached_before_timeout,False,False,True,True,,False,16.0,https://adamraudonis.github.io/DoorBench/#/review?door=db0038_sliding_single
db0039_swing_single,swing_single,goal_not_reached_before_timeout,False,False,True,True,,False,16.0,https://adamraudonis.github.io/DoorBench/#/review?door=db0039_swing_single
db0040_swing_single,swing_single,goal_not_reached_before_timeout,False,False,True,True,,False,16.0,https://adamraudonis.github.io/DoorBench/#/review?door=db0040_swing_single
db0041_sliding_single,sliding_single,goal_not_reached_before_timeout,False,False,True,True,,False,16.0,https://adamraudonis.github.io/DoorBench/#/review?door=db0041_sliding_single
db0042_sliding_bypass,sliding_bypass,goal_not_reached_before_timeout,False,False,True,True,,False,16.0,https://adamraudonis.github.io/DoorBench/#/review?door=db0042_sliding_bypass
db0043_bifold,bifold,goal_not_reached_before_timeout,False,False,True,True,,False,16.0,https://adamraudonis.github.io/DoorBench/#/review?door=db0043_bifold
db0044_pivot,pivot,goal_not_reached_before_timeout,False,False,True,True,,False,16.0,https://adamraudonis.github.io/DoorBench/#/review?door=db0044_pivot
db0046_sliding_bypass,sliding_bypass,goal_not_reached_before_timeout,False,False,True,True,,False,16.0,https://adamraudonis.github.io/DoorBench/#/review?door=db0046_sliding_bypass
db0047_swing_double,swing_double,goal_not_reached_before_timeout,False,False,True,True,,False,16.0,https://adamraudonis.github.io/DoorBench/#/review?door=db0047_swing_double
db0048_swing_single,swing_single,goal_not_reached_before_timeout,False,False,True,True,,False,16.0,https://adamraudonis.github.io/DoorBench/#/review?door=db0048_swing_single
db0049_swing_double,swing_double,goal_not_reached_before_timeout,False,False,True,True,,False,16.0,https://adamraudonis.github.io/DoorBench/#/review?door=db0049_swing_double
db0050_swing_single,swing_single,goal_not_reached_before_timeout,False,False,True,True,,False,16.0,https://adamraudonis.github.io/DoorBench/#/review?door=db0050_swing_single
db0051_swing_single,swing_single,goal_not_reached_before_timeout,False,False,True,True,,False,16.0,https://adamraudonis.github.io/DoorBench/#/review?door=db0051_swing_single
db0053_elevator,elevator,goal_not_reached_before_timeout,False,False,True,True,,False,16.0,https://adamraudonis.github.io/DoorBench/#/review?door=db0053_elevator
db0054_stall,stall,goal_not_reached_before_timeout,False,False,True,True,,False,16.0,https://adamraudonis.github.io/DoorBench/#/review?door=db0054_stall
db0055_swing_single,swing_single,goal_not_reached_before_timeout,False,False,True,True,,False,16.0,https://adamraudonis.github.io/DoorBench/#/review?door=db0055_swing_single
db0056_swing_single,swing_single,native_error,False,False,True,True,nonfinite_native_state,True,0.324,https://adamraudonis.github.io/DoorBench/#/review?door=db0056_swing_single
db0057_sliding_bypass,sliding_bypass,goal_not_reached_before_timeout,False,False,True,True,,False,16.0,https://adamraudonis.github.io/DoorBench/#/review?door=db0057_sliding_bypass
db0058_swing_single,swing_single,goal_not_reached_before_timeout,False,False,True,True,,False,16.0,https://adamraudonis.github.io/DoorBench/#/review?door=db0058_swing_single
db0059_bifold,bifold,goal_not_reached_before_timeout,False,False,True,True,,False,16.0,https://adamraudonis.github.io/DoorBench/#/review?door=db0059_bifold
db0060_swing_single,swing_single,goal_not_reached_before_timeout,False,False,True,True,,False,16.0,https://adamraudonis.github.io/DoorBench/#/review?door=db0060_swing_single
db0061_swing_single,swing_single,goal_not_reached_before_timeout,False,False,True,True,,False,16.0,https://adamraudonis.github.io/DoorBench/#/review?door=db0061_swing_single
db0062_swing_single,swing_single,goal_not_reached_before_timeout,False,False,True,True,,False,16.0,https://adamraudonis.github.io/DoorBench/#/review?door=db0062_swing_single
db0063_swing_single,swing_single,goal_not_reached_before_timeout,False,False,True,True,,False,16.0,https://adamraudonis.github.io/DoorBench/#/review?door=db0063_swing_single
db0064_gate_sliding,gate_sliding,goal_not_reached_before_timeout,False,False,True,True,,False,16.0,https://adamraudonis.github.io/DoorBench/#/review?door=db0064_gate_sliding
db0065_accordion,accordion,goal_not_reached_before_timeout,False,False,True,True,,False,16.0,https://adamraudonis.github.io/DoorBench/#/review?door=db0065_accordion
db0066_revolving,revolving,goal_not_reached_before_timeout,False,False,True,True,,False,16.0,https://adamraudonis.github.io/DoorBench/#/review?door=db0066_revolving
db0067_sliding_single,sliding_single,goal_not_reached_before_timeout,False,False,True,True,,False,16.0,https://adamraudonis.github.io/DoorBench/#/review?door=db0067_sliding_single
db0068_swing_single,swing_single,goal_not_reached_before_timeout,False,False,True,True,,False,16.0,https://adamraudonis.github.io/DoorBench/#/review?door=db0068_swing_single
db0069_bifold,bifold,goal_not_reached_before_timeout,False,False,True,True,,False,16.0,https://adamraudonis.github.io/DoorBench/#/review?door=db0069_bifold
db0070_swing_single,swing_single,goal_not_reached_before_timeout,False,False,True,True,,False,16.0,https://adamraudonis.github.io/DoorBench/#/review?door=db0070_swing_single
db0071_bifold,bifold,goal_not_reached_before_timeout,False,False,True,True,,False,16.0,https://adamraudonis.github.io/DoorBench/#/review?door=db0071_bifold
db0072_swing_single,swing_single,goal_not_reached_before_timeout,False,False,True,True,,False,16.0,https://adamraudonis.github.io/DoorBench/#/review?door=db0072_swing_single
db0073_swing_single,swing_single,goal_not_reached_before_timeout,False,False,True,True,,False,16.0,https://adamraudonis.github.io/DoorBench/#/review?door=db0073_swing_single
db0074_swing_single,swing_single,goal_not_reached_before_timeout,False,False,True,True,,False,16.0,https://adamraudonis.github.io/DoorBench/#/review?door=db0074_swing_single
db0075_gate_swing,gate_swing,goal_without_valid_crossing,False,True,True,True,,False,10.766,https://adamraudonis.github.io/DoorBench/#/review?door=db0075_gate_swing
db0076_swing_single,swing_single,goal_not_reached_before_timeout,False,False,True,True,,False,16.0,https://adamraudonis.github.io/DoorBench/#/review?door=db0076_swing_single
db0077_bifold,bifold,goal_not_reached_before_timeout,False,False,True,True,,False,16.0,https://adamraudonis.github.io/DoorBench/#/review?door=db0077_bifold
db0078_bifold,bifold,goal_not_reached_before_timeout,False,False,True,True,,False,16.0,https://adamraudonis.github.io/DoorBench/#/review?door=db0078_bifold
db0079_sliding_single,sliding_single,goal_not_reached_before_timeout,False,False,True,True,,False,16.0,https://adamraudonis.github.io/DoorBench/#/review?door=db0079_sliding_single
db0080_cold_storage,cold_storage,goal_without_valid_crossing,False,True,True,True,,False,8.692,https://adamraudonis.github.io/DoorBench/#/review?door=db0080_cold_storage
db0081_swing_single,swing_single,goal_not_reached_before_timeout,False,False,True,True,,False,16.0,https://adamraudonis.github.io/DoorBench/#/review?door=db0081_swing_single
db0082_swing_single,swing_single,goal_not_reached_before_timeout,False,False,True,True,,False,16.0,https://adamraudonis.github.io/DoorBench/#/review?door=db0082_swing_single
db0083_swing_single,swing_single,goal_not_reached_before_timeout,False,False,True,True,,False,16.0,https://adamraudonis.github.io/DoorBench/#/review?door=db0083_swing_single
db0084_sliding_single,sliding_single,goal_not_reached_before_timeout,False,False,True,True,,False,16.0,https://adamraudonis.github.io/DoorBench/#/review?door=db0084_sliding_single
db0085_revolving,revolving,goal_not_reached_before_timeout,False,False,True,True,,False,16.0,https://adamraudonis.github.io/DoorBench/#/review?door=db0085_revolving
db0086_swing_single,swing_single,goal_not_reached_before_timeout,False,False,True,True,,False,16.0,https://adamraudonis.github.io/DoorBench/#/review?door=db0086_swing_single
db0087_sliding_single,sliding_single,goal_not_reached_before_timeout,False,False,True,True,,False,16.0,https://adamraudonis.github.io/DoorBench/#/review?door=db0087_sliding_single
db0088_pivot,pivot,goal_not_reached_before_timeout,False,False,True,True,,False,16.0,https://adamraudonis.github.io/DoorBench/#/review?door=db0088_pivot
db0089_automatic_swing,automatic_swing,robot_fell,False,False,True,True,,False,6.67,https://adamraudonis.github.io/DoorBench/#/review?door=db0089_automatic_swing
db0090_bifold,bifold,goal_not_reached_before_timeout,False,False,True,True,,False,16.0,https://adamraudonis.github.io/DoorBench/#/review?door=db0090_bifold
db0091_swing_single,swing_single,goal_not_reached_before_timeout,False,False,True,True,,False,16.0,https://adamraudonis.github.io/DoorBench/#/review?door=db0091_swing_single
db0092_sliding_bypass,sliding_bypass,goal_not_reached_before_timeout,False,False,True,True,,False,16.0,https://adamraudonis.github.io/DoorBench/#/review?door=db0092_sliding_bypass
db0093_sliding_single,sliding_single,goal_not_reached_before_timeout,False,False,True,True,,False,16.0,https://adamraudonis.github.io/DoorBench/#/review?door=db0093_sliding_single
db0094_swing_single,swing_single,goal_not_reached_before_timeout,False,False,True,True,,False,16.0,https://adamraudonis.github.io/DoorBench/#/review?door=db0094_swing_single
db0095_dutch,dutch,goal_not_reached_before_timeout,False,False,True,True,,False,16.0,https://adamraudonis.github.io/DoorBench/#/review?door=db0095_dutch
db0096_swing_single,swing_single,goal_not_reached_before_timeout,False,False,True,True,,False,16.0,https://adamraudonis.github.io/DoorBench/#/review?door=db0096_swing_single
db0097_swing_double,swing_double,goal_not_reached_before_timeout,False,False,True,True,,False,16.0,https://adamraudonis.github.io/DoorBench/#/review?door=db0097_swing_double
db0098_gate_swing,gate_swing,success,True,True,True,True,,False,11.412,https://adamraudonis.github.io/DoorBench/#/review?door=db0098_gate_swing
db0099_sliding_single,sliding_single,goal_not_reached_before_timeout,False,False,True,True,,False,16.0,https://adamraudonis.github.io/DoorBench/#/review?door=db0099_sliding_single
db0100_bifold,bifold,goal_not_reached_before_timeout,False,False,True,True,,False,16.0,https://adamraudonis.github.io/DoorBench/#/review?door=db0100_bifold
db0101_swing_single,swing_single,goal_not_reached_before_timeout,False,False,True,True,,False,16.0,https://adamraudonis.github.io/DoorBench/#/review?door=db0101_swing_single
db0102_automatic_swing,automatic_swing,goal_not_reached_before_timeout,False,False,True,True,,False,16.0,https://adamraudonis.github.io/DoorBench/#/review?door=db0102_automatic_swing
db0103_stall,stall,goal_not_reached_before_timeout,False,False,True,True,,False,16.0,https://adamraudonis.github.io/DoorBench/#/review?door=db0103_stall
db0104_garage_tiltup,garage_tiltup,goal_not_reached_before_timeout,False,False,True,False,,False,16.0,https://adamraudonis.github.io/DoorBench/#/review?door=db0104_garage_tiltup
db0105_swing_single,swing_single,goal_not_reached_before_timeout,False,False,True,True,,False,16.0,https://adamraudonis.github.io/DoorBench/#/review?door=db0105_swing_single
db0106_gate_swing,gate_swing,goal_not_reached_before_timeout,False,False,True,True,,False,16.0,https://adamraudonis.github.io/DoorBench/#/review?door=db0106_gate_swing
db0107_sliding_single,sliding_single,goal_not_reached_before_timeout,False,False,True,True,,False,16.0,https://adamraudonis.github.io/DoorBench/#/review?door=db0107_sliding_single
db0108_revolving,revolving,success,True,True,True,True,,False,14.098,https://adamraudonis.github.io/DoorBench/#/review?door=db0108_revolving
db0109_swing_single,swing_single,goal_not_reached_before_timeout,False,False,True,True,,False,16.0,https://adamraudonis.github.io/DoorBench/#/review?door=db0109_swing_single
db0110_swing_double,swing_double,goal_not_reached_before_timeout,False,False,True,True,,False,16.0,https://adamraudonis.github.io/DoorBench/#/review?door=db0110_swing_double
db0111_swing_single,swing_single,goal_not_reached_before_timeout,False,False,True,True,,False,16.0,https://adamraudonis.github.io/DoorBench/#/review?door=db0111_swing_single
db0112_swing_double,swing_double,robot_fell,False,False,True,True,,False,11.006,https://adamraudonis.github.io/DoorBench/#/review?door=db0112_swing_double
db0113_bifold,bifold,goal_not_reached_before_timeout,False,False,True,True,,False,16.0,https://adamraudonis.github.io/DoorBench/#/review?door=db0113_bifold
db0114_swing_single,swing_single,robot_fell,False,False,True,True,,True,5.234,https://adamraudonis.github.io/DoorBench/#/review?door=db0114_swing_single
db0115_swing_single,swing_single,goal_not_reached_before_timeout,False,False,True,True,,False,16.0,https://adamraudonis.github.io/DoorBench/#/review?door=db0115_swing_single
db0116_swing_single,swing_single,goal_not_reached_before_timeout,False,False,True,True,,False,16.0,https://adamraudonis.github.io/DoorBench/#/review?door=db0116_swing_single
db0117_swing_single,swing_single,goal_not_reached_before_timeout,False,False,True,True,,False,16.0,https://adamraudonis.github.io/DoorBench/#/review?door=db0117_swing_single
db0118_dutch,dutch,goal_not_reached_before_timeout,False,False,True,True,,False,16.0,https://adamraudonis.github.io/DoorBench/#/review?door=db0118_dutch
db0119_swing_single,swing_single,goal_not_reached_before_timeout,False,False,True,True,,False,16.0,https://adamraudonis.github.io/DoorBench/#/review?door=db0119_swing_single
db0120_swing_single,swing_single,goal_not_reached_before_timeout,False,False,True,True,,False,16.0,https://adamraudonis.github.io/DoorBench/#/review?door=db0120_swing_single
db0121_hatch_ceiling,hatch_ceiling,not_upright_doorway,False,True,False,True,,False,9.786,https://adamraudonis.github.io/DoorBench/#/review?door=db0121_hatch_ceiling
db0122_swing_single,swing_single,goal_not_reached_before_timeout,False,False,True,True,,False,16.0,https://adamraudonis.github.io/DoorBench/#/review?door=db0122_swing_single
db0123_saloon,saloon,success,True,True,True,True,,False,10.33,https://adamraudonis.github.io/DoorBench/#/review?door=db0123_saloon
db0124_vault,vault,goal_not_reached_before_timeout,False,False,True,True,,False,16.0,https://adamraudonis.github.io/DoorBench/#/review?door=db0124_vault
db0125_sliding_single,sliding_single,goal_not_reached_before_timeout,False,False,True,True,,False,16.0,https://adamraudonis.github.io/DoorBench/#/review?door=db0125_sliding_single
db0126_gate_swing,gate_swing,goal_not_reached_before_timeout,False,False,True,True,,False,16.0,https://adamraudonis.github.io/DoorBench/#/review?door=db0126_gate_swing
db0127_swing_double,swing_double,success,True,True,True,True,,False,9.108,https://adamraudonis.github.io/DoorBench/#/review?door=db0127_swing_double
db0128_swing_double,swing_double,goal_not_reached_before_timeout,False,False,True,True,,False,16.0,https://adamraudonis.github.io/DoorBench/#/review?door=db0128_swing_double
db0129_sliding_single,sliding_single,goal_not_reached_before_timeout,False,False,True,True,,False,16.0,https://adamraudonis.github.io/DoorBench/#/review?door=db0129_sliding_single
db0130_automatic_sliding,automatic_sliding,success,True,True,True,True,,False,8.818,https://adamraudonis.github.io/DoorBench/#/review?door=db0130_automatic_sliding
db0131_sliding_single,sliding_single,goal_not_reached_before_timeout,False,False,True,True,,False,16.0,https://adamraudonis.github.io/DoorBench/#/review?door=db0131_sliding_single
db0132_swing_double,swing_double,goal_not_reached_before_timeout,False,False,True,True,,False,16.0,https://adamraudonis.github.io/DoorBench/#/review?door=db0132_swing_double
db0133_swing_single,swing_single,goal_not_reached_before_timeout,False,False,True,True,,False,16.0,https://adamraudonis.github.io/DoorBench/#/review?door=db0133_swing_single
db0134_sliding_single,sliding_single,goal_not_reached_before_timeout,False,False,True,True,,False,16.0,https://adamraudonis.github.io/DoorBench/#/review?door=db0134_sliding_single
db0135_swing_single,swing_single,goal_not_reached_before_timeout,False,False,True,True,,False,16.0,https://adamraudonis.github.io/DoorBench/#/review?door=db0135_swing_single
db0136_automatic_swing,automatic_swing,goal_not_reached_before_timeout,False,False,True,True,,False,16.0,https://adamraudonis.github.io/DoorBench/#/review?door=db0136_automatic_swing
db0137_bifold,bifold,goal_not_reached_before_timeout,False,False,True,True,,False,16.0,https://adamraudonis.github.io/DoorBench/#/review?door=db0137_bifold
db0138_automatic_swing,automatic_swing,goal_not_reached_before_timeout,False,False,True,True,,False,16.0,https://adamraudonis.github.io/DoorBench/#/review?door=db0138_automatic_swing
db0139_swing_single,swing_single,goal_not_reached_before_timeout,False,False,True,True,,False,16.0,https://adamraudonis.github.io/DoorBench/#/review?door=db0139_swing_single
db0140_swing_single,swing_single,goal_not_reached_before_timeout,False,False,True,True,,False,16.0,https://adamraudonis.github.io/DoorBench/#/review?door=db0140_swing_single
db0141_bifold,bifold,goal_not_reached_before_timeout,False,False,True,True,,False,16.0,https://adamraudonis.github.io/DoorBench/#/review?door=db0141_bifold
db0142_swing_single,swing_single,goal_not_reached_before_timeout,False,False,True,True,,False,16.0,https://adamraudonis.github.io/DoorBench/#/review?door=db0142_swing_single
db0143_swing_single,swing_single,goal_not_reached_before_timeout,False,False,True,True,,False,16.0,https://adamraudonis.github.io/DoorBench/#/review?door=db0143_swing_single
db0144_swing_double,swing_double,goal_not_reached_before_timeout,False,False,True,True,,False,16.0,https://adamraudonis.github.io/DoorBench/#/review?door=db0144_swing_double
db0145_swing_single,swing_single,goal_not_reached_before_timeout,False,False,True,True,,False,16.0,https://adamraudonis.github.io/DoorBench/#/review?door=db0145_swing_single
db0146_gate_sliding,gate_sliding,goal_not_reached_before_timeout,False,False,True,True,,False,16.0,https://adamraudonis.github.io/DoorBench/#/review?door=db0146_gate_sliding
db0147_swing_single,swing_single,goal_not_reached_before_timeout,False,False,True,True,,False,16.0,https://adamraudonis.github.io/DoorBench/#/review?door=db0147_swing_single
db0148_garage_sectional,garage_sectional,goal_not_reached_before_timeout,False,False,True,False,,False,16.0,https://adamraudonis.github.io/DoorBench/#/review?door=db0148_garage_sectional
db0149_swing_double,swing_double,goal_not_reached_before_timeout,False,False,True,True,,False,16.0,https://adamraudonis.github.io/DoorBench/#/review?door=db0149_swing_double
db0150_sliding_single,sliding_single,goal_not_reached_before_timeout,False,False,True,True,,False,16.0,https://adamraudonis.github.io/DoorBench/#/review?door=db0150_sliding_single
db0151_sliding_single,sliding_single,goal_not_reached_before_timeout,False,False,True,True,,False,16.0,https://adamraudonis.github.io/DoorBench/#/review?door=db0151_sliding_single
db0152_swing_single,swing_single,success,True,True,True,True,,False,8.006,https://adamraudonis.github.io/DoorBench/#/review?door=db0152_swing_single
db0153_automatic_sliding,automatic_sliding,goal_not_reached_before_timeout,False,False,True,True,,False,16.0,https://adamraudonis.github.io/DoorBench/#/review?door=db0153_automatic_sliding
db0154_swing_single,swing_single,goal_not_reached_before_timeout,False,False,True,True,,False,16.0,https://adamraudonis.github.io/DoorBench/#/review?door=db0154_swing_single
db0155_swing_single,swing_single,goal_not_reached_before_timeout,False,False,True,True,,False,16.0,https://adamraudonis.github.io/DoorBench/#/review?door=db0155_swing_single
db0156_swing_single,swing_single,goal_not_reached_before_timeout,False,False,True,True,,False,16.0,https://adamraudonis.github.io/DoorBench/#/review?door=db0156_swing_single
db0157_sliding_single,sliding_single,goal_not_reached_before_timeout,False,False,True,True,,False,16.0,https://adamraudonis.github.io/DoorBench/#/review?door=db0157_sliding_single
db0158_swing_double,swing_double,goal_not_reached_before_timeout,False,False,True,True,,False,16.0,https://adamraudonis.github.io/DoorBench/#/review?door=db0158_swing_double
db0159_automatic_swing,automatic_swing,goal_not_reached_before_timeout,False,False,True,True,,False,16.0,https://adamraudonis.github.io/DoorBench/#/review?door=db0159_automatic_swing
db0160_swing_single,swing_single,goal_not_reached_before_timeout,False,False,True,True,,False,16.0,https://adamraudonis.github.io/DoorBench/#/review?door=db0160_swing_single
db0161_pivot,pivot,goal_not_reached_before_timeout,False,False,True,True,,False,16.0,https://adamraudonis.github.io/DoorBench/#/review?door=db0161_pivot
db0162_gate_swing,gate_swing,goal_not_reached_before_timeout,False,False,True,True,,False,16.0,https://adamraudonis.github.io/DoorBench/#/review?door=db0162_gate_swing
db0163_strip_curtain,strip_curtain,goal_without_valid_crossing,False,True,True,True,,False,13.564,https://adamraudonis.github.io/DoorBench/#/review?door=db0163_strip_curtain
db0164_bifold,bifold,goal_not_reached_before_timeout,False,False,True,True,,False,16.0,https://adamraudonis.github.io/DoorBench/#/review?door=db0164_bifold
db0165_swing_single,swing_single,goal_not_reached_before_timeout,False,False,True,True,,False,16.0,https://adamraudonis.github.io/DoorBench/#/review?door=db0165_swing_single
db0166_swing_single,swing_single,goal_not_reached_before_timeout,False,False,True,True,,False,16.0,https://adamraudonis.github.io/DoorBench/#/review?door=db0166_swing_single
db0167_sliding_single,sliding_single,goal_not_reached_before_timeout,False,False,True,True,,False,16.0,https://adamraudonis.github.io/DoorBench/#/review?door=db0167_sliding_single
db0168_ship_watertight,ship_watertight,goal_not_reached_before_timeout,False,False,True,True,,False,16.0,https://adamraudonis.github.io/DoorBench/#/review?door=db0168_ship_watertight
db0169_swing_single,swing_single,goal_not_reached_before_timeout,False,False,True,True,,False,16.0,https://adamraudonis.github.io/DoorBench/#/review?door=db0169_swing_single
db0170_saloon,saloon,goal_without_valid_crossing,False,True,True,True,,False,9.826,https://adamraudonis.github.io/DoorBench/#/review?door=db0170_saloon
db0171_swing_single,swing_single,goal_not_reached_before_timeout,False,False,True,True,,False,16.0,https://adamraudonis.github.io/DoorBench/#/review?door=db0171_swing_single
db0172_swing_single,swing_single,goal_not_reached_before_timeout,False,False,True,True,,False,16.0,https://adamraudonis.github.io/DoorBench/#/review?door=db0172_swing_single
db0173_garage_tiltup,garage_tiltup,goal_not_reached_before_timeout,False,False,True,False,,False,16.0,https://adamraudonis.github.io/DoorBench/#/review?door=db0173_garage_tiltup
db0174_stall,stall,goal_not_reached_before_timeout,False,False,True,True,,False,16.0,https://adamraudonis.github.io/DoorBench/#/review?door=db0174_stall
db0175_garage_sectional,garage_sectional,goal_not_reached_before_timeout,False,False,True,False,,False,16.0,https://adamraudonis.github.io/DoorBench/#/review?door=db0175_garage_sectional
db0176_baby_gate,baby_gate,goal_not_reached_before_timeout,False,False,True,True,,False,16.0,https://adamraudonis.github.io/DoorBench/#/review?door=db0176_baby_gate
db0177_accordion,accordion,goal_not_reached_before_timeout,False,False,True,True,,False,16.0,https://adamraudonis.github.io/DoorBench/#/review?door=db0177_accordion
db0178_swing_single,swing_single,goal_not_reached_before_timeout,False,False,True,True,,False,16.0,https://adamraudonis.github.io/DoorBench/#/review?door=db0178_swing_single
db0179_vault,vault,goal_not_reached_before_timeout,False,False,True,True,,False,16.0,https://adamraudonis.github.io/DoorBench/#/review?door=db0179_vault
db0180_swing_double,swing_double,goal_not_reached_before_timeout,False,False,True,True,,False,16.0,https://adamraudonis.github.io/DoorBench/#/review?door=db0180_swing_double
db0181_swing_single,swing_single,goal_not_reached_before_timeout,False,False,True,True,,False,16.0,https://adamraudonis.github.io/DoorBench/#/review?door=db0181_swing_single
db0182_swing_single,swing_single,goal_not_reached_before_timeout,False,False,True,True,,False,16.0,https://adamraudonis.github.io/DoorBench/#/review?door=db0182_swing_single
db0183_swing_double,swing_double,goal_not_reached_before_timeout,False,False,True,True,,False,16.0,https://adamraudonis.github.io/DoorBench/#/review?door=db0183_swing_double
db0184_rollup,rollup,goal_not_reached_before_timeout,False,False,True,True,,False,16.0,https://adamraudonis.github.io/DoorBench/#/review?door=db0184_rollup
db0185_swing_single,swing_single,robot_fell,False,False,True,True,,False,12.524000000000001,https://adamraudonis.github.io/DoorBench/#/review?door=db0185_swing_single
db0186_swing_single,swing_single,goal_not_reached_before_timeout,False,False,True,True,,False,16.0,https://adamraudonis.github.io/DoorBench/#/review?door=db0186_swing_single
db0187_turnstile_fullheight,turnstile_fullheight,robot_fell,False,False,True,True,,False,6.394,https://adamraudonis.github.io/DoorBench/#/review?door=db0187_turnstile_fullheight
db0188_cold_storage,cold_storage,goal_not_reached_before_timeout,False,False,True,True,,False,16.0,https://adamraudonis.github.io/DoorBench/#/review?door=db0188_cold_storage
db0189_swing_single,swing_single,goal_not_reached_before_timeout,False,False,True,True,,False,16.0,https://adamraudonis.github.io/DoorBench/#/review?door=db0189_swing_single
db0190_turnstile_fullheight,turnstile_fullheight,goal_not_reached_before_timeout,False,False,True,True,,False,16.0,https://adamraudonis.github.io/DoorBench/#/review?door=db0190_turnstile_fullheight
db0191_gate_swing,gate_swing,goal_not_reached_before_timeout,False,False,True,True,,False,16.0,https://adamraudonis.github.io/DoorBench/#/review?door=db0191_gate_swing
db0192_gate_swing,gate_swing,goal_not_reached_before_timeout,False,False,True,True,,False,16.0,https://adamraudonis.github.io/DoorBench/#/review?door=db0192_gate_swing
db0193_sliding_single,sliding_single,goal_not_reached_before_timeout,False,False,True,True,,False,16.0,https://adamraudonis.github.io/DoorBench/#/review?door=db0193_sliding_single
db0194_bifold,bifold,goal_not_reached_before_timeout,False,False,True,True,,False,16.0,https://adamraudonis.github.io/DoorBench/#/review?door=db0194_bifold
db0195_swing_single,swing_single,goal_not_reached_before_timeout,False,False,True,True,,False,16.0,https://adamraudonis.github.io/DoorBench/#/review?door=db0195_swing_single
db0196_rollup,rollup,goal_not_reached_before_timeout,False,False,True,True,,False,16.0,https://adamraudonis.github.io/DoorBench/#/review?door=db0196_rollup
db0197_swing_double,swing_double,goal_not_reached_before_timeout,False,False,True,True,,False,16.0,https://adamraudonis.github.io/DoorBench/#/review?door=db0197_swing_double
db0198_garage_sectional,garage_sectional,goal_not_reached_before_timeout,False,False,True,False,,False,16.0,https://adamraudonis.github.io/DoorBench/#/review?door=db0198_garage_sectional
db0199_swing_single,swing_single,goal_not_reached_before_timeout,False,False,True,True,,False,16.0,https://adamraudonis.github.io/DoorBench/#/review?door=db0199_swing_single
db0200_gate_swing,gate_swing,goal_not_reached_before_timeout,False,False,True,True,,False,16.0,https://adamraudonis.github.io/DoorBench/#/review?door=db0200_gate_swing
db0201_swing_single,swing_single,goal_not_reached_before_timeout,False,False,True,True,,False,16.0,https://adamraudonis.github.io/DoorBench/#/review?door=db0201_swing_single
db0202_turnstile_tripod,turnstile_tripod,goal_not_reached_before_timeout,False,False,True,True,,False,16.0,https://adamraudonis.github.io/DoorBench/#/review?door=db0202_turnstile_tripod
db0203_automatic_sliding,automatic_sliding,success,True,True,True,True,,False,8.842,https://adamraudonis.github.io/DoorBench/#/review?door=db0203_automatic_sliding
db0204_dutch,dutch,robot_fell,False,False,True,True,,False,6.97,https://adamraudonis.github.io/DoorBench/#/review?door=db0204_dutch
db0205_swing_single,swing_single,goal_not_reached_before_timeout,False,False,True,True,,False,16.0,https://adamraudonis.github.io/DoorBench/#/review?door=db0205_swing_single
db0206_swing_single,swing_single,goal_not_reached_before_timeout,False,False,True,True,,False,16.0,https://adamraudonis.github.io/DoorBench/#/review?door=db0206_swing_single
db0207_swing_single,swing_single,goal_not_reached_before_timeout,False,False,True,True,,False,16.0,https://adamraudonis.github.io/DoorBench/#/review?door=db0207_swing_single
db0208_hatch_ceiling,hatch_ceiling,not_upright_doorway,False,True,False,True,,False,9.742,https://adamraudonis.github.io/DoorBench/#/review?door=db0208_hatch_ceiling
db0209_swing_single,swing_single,goal_not_reached_before_timeout,False,False,True,True,,False,16.0,https://adamraudonis.github.io/DoorBench/#/review?door=db0209_swing_single
db0210_swing_single,swing_single,goal_not_reached_before_timeout,False,False,True,True,,False,16.0,https://adamraudonis.github.io/DoorBench/#/review?door=db0210_swing_single
db0211_swing_double,swing_double,goal_not_reached_before_timeout,False,False,True,True,,False,16.0,https://adamraudonis.github.io/DoorBench/#/review?door=db0211_swing_double
db0212_swing_single,swing_single,goal_not_reached_before_timeout,False,False,True,True,,False,16.0,https://adamraudonis.github.io/DoorBench/#/review?door=db0212_swing_single
db0213_garage_sectional,garage_sectional,goal_not_reached_before_timeout,False,False,True,False,,False,16.0,https://adamraudonis.github.io/DoorBench/#/review?door=db0213_garage_sectional
db0214_swing_single,swing_single,goal_not_reached_before_timeout,False,False,True,True,,False,16.0,https://adamraudonis.github.io/DoorBench/#/review?door=db0214_swing_single
db0215_accordion,accordion,goal_not_reached_before_timeout,False,False,True,True,,False,16.0,https://adamraudonis.github.io/DoorBench/#/review?door=db0215_accordion
db0216_swing_single,swing_single,goal_not_reached_before_timeout,False,False,True,True,,False,16.0,https://adamraudonis.github.io/DoorBench/#/review?door=db0216_swing_single
db0217_sliding_bypass,sliding_bypass,goal_not_reached_before_timeout,False,False,True,True,,False,16.0,https://adamraudonis.github.io/DoorBench/#/review?door=db0217_sliding_bypass
db0218_sliding_bypass,sliding_bypass,goal_not_reached_before_timeout,False,False,True,True,,False,16.0,https://adamraudonis.github.io/DoorBench/#/review?door=db0218_sliding_bypass
db0219_swing_single,swing_single,goal_not_reached_before_timeout,False,False,True,True,,False,16.0,https://adamraudonis.github.io/DoorBench/#/review?door=db0219_swing_single
db0220_swing_single,swing_single,goal_not_reached_before_timeout,False,False,True,True,,False,16.0,https://adamraudonis.github.io/DoorBench/#/review?door=db0220_swing_single
db0221_pivot,pivot,goal_not_reached_before_timeout,False,False,True,True,,False,16.0,https://adamraudonis.github.io/DoorBench/#/review?door=db0221_pivot
db0222_swing_double,swing_double,goal_not_reached_before_timeout,False,False,True,True,,False,16.0,https://adamraudonis.github.io/DoorBench/#/review?door=db0222_swing_double
db0223_swing_single,swing_single,goal_not_reached_before_timeout,False,False,True,True,,False,16.0,https://adamraudonis.github.io/DoorBench/#/review?door=db0223_swing_single
db0224_swing_single,swing_single,goal_not_reached_before_timeout,False,False,True,True,,False,16.0,https://adamraudonis.github.io/DoorBench/#/review?door=db0224_swing_single
db0225_automatic_swing,automatic_swing,goal_not_reached_before_timeout,False,False,True,True,,False,16.0,https://adamraudonis.github.io/DoorBench/#/review?door=db0225_automatic_swing
db0226_sliding_single,sliding_single,goal_not_reached_before_timeout,False,False,True,True,,False,16.0,https://adamraudonis.github.io/DoorBench/#/review?door=db0226_sliding_single
db0227_swing_single,swing_single,goal_not_reached_before_timeout,False,False,True,True,,False,16.0,https://adamraudonis.github.io/DoorBench/#/review?door=db0227_swing_single
db0228_swing_single,swing_single,goal_not_reached_before_timeout,False,False,True,True,,False,16.0,https://adamraudonis.github.io/DoorBench/#/review?door=db0228_swing_single
db0229_swing_single,swing_single,goal_not_reached_before_timeout,False,False,True,True,,False,16.0,https://adamraudonis.github.io/DoorBench/#/review?door=db0229_swing_single
db0230_swing_single,swing_single,goal_not_reached_before_timeout,False,False,True,True,,False,16.0,https://adamraudonis.github.io/DoorBench/#/review?door=db0230_swing_single
db0231_bifold,bifold,goal_not_reached_before_timeout,False,False,True,True,,False,16.0,https://adamraudonis.github.io/DoorBench/#/review?door=db0231_bifold
db0232_swing_single,swing_single,goal_not_reached_before_timeout,False,False,True,True,,False,16.0,https://adamraudonis.github.io/DoorBench/#/review?door=db0232_swing_single
db0233_swing_single,swing_single,goal_not_reached_before_timeout,False,False,True,True,,False,16.0,https://adamraudonis.github.io/DoorBench/#/review?door=db0233_swing_single
db0234_swing_single,swing_single,goal_not_reached_before_timeout,False,False,True,True,,False,16.0,https://adamraudonis.github.io/DoorBench/#/review?door=db0234_swing_single
db0235_sliding_single,sliding_single,goal_not_reached_before_timeout,False,False,True,True,,False,16.0,https://adamraudonis.github.io/DoorBench/#/review?door=db0235_sliding_single
db0236_swing_single,swing_single,goal_not_reached_before_timeout,False,False,True,True,,False,16.0,https://adamraudonis.github.io/DoorBench/#/review?door=db0236_swing_single
db0237_swing_single,swing_single,goal_not_reached_before_timeout,False,False,True,True,,False,16.0,https://adamraudonis.github.io/DoorBench/#/review?door=db0237_swing_single
db0239_gate_swing,gate_swing,goal_not_reached_before_timeout,False,False,True,True,,False,16.0,https://adamraudonis.github.io/DoorBench/#/review?door=db0239_gate_swing
db0240_swing_single,swing_single,goal_not_reached_before_timeout,False,False,True,True,,False,16.0,https://adamraudonis.github.io/DoorBench/#/review?door=db0240_swing_single
db0241_hatch_floor,hatch_floor,not_upright_doorway,False,False,False,True,,False,6.168,https://adamraudonis.github.io/DoorBench/#/review?door=db0241_hatch_floor
db0242_sliding_single,sliding_single,goal_not_reached_before_timeout,False,False,True,True,,False,16.0,https://adamraudonis.github.io/DoorBench/#/review?door=db0242_sliding_single
db0243_swing_single,swing_single,goal_without_valid_crossing,False,True,True,True,,False,9.146,https://adamraudonis.github.io/DoorBench/#/review?door=db0243_swing_single
db0244_swing_single,swing_single,goal_not_reached_before_timeout,False,False,True,True,,False,16.0,https://adamraudonis.github.io/DoorBench/#/review?door=db0244_swing_single
db0245_swing_single,swing_single,goal_without_valid_crossing,False,True,True,True,,False,11.38,https://adamraudonis.github.io/DoorBench/#/review?door=db0245_swing_single
db0246_sliding_single,sliding_single,goal_not_reached_before_timeout,False,False,True,True,,False,16.0,https://adamraudonis.github.io/DoorBench/#/review?door=db0246_sliding_single
db0247_swing_single,swing_single,goal_not_reached_before_timeout,False,False,True,True,,False,16.0,https://adamraudonis.github.io/DoorBench/#/review?door=db0247_swing_single
db0248_swing_single,swing_single,goal_not_reached_before_timeout,False,False,True,True,,False,16.0,https://adamraudonis.github.io/DoorBench/#/review?door=db0248_swing_single
db0249_accordion,accordion,goal_not_reached_before_timeout,False,False,True,True,,False,16.0,https://adamraudonis.github.io/DoorBench/#/review?door=db0249_accordion
db0250_revolving,revolving,robot_fell,False,False,True,True,,False,1.976,https://adamraudonis.github.io/DoorBench/#/review?door=db0250_revolving
db0251_sliding_single,sliding_single,goal_not_reached_before_timeout,False,False,True,True,,False,16.0,https://adamraudonis.github.io/DoorBench/#/review?door=db0251_sliding_single
db0252_swing_single,swing_single,goal_not_reached_before_timeout,False,False,True,True,,False,16.0,https://adamraudonis.github.io/DoorBench/#/review?door=db0252_swing_single
db0253_gate_swing,gate_swing,goal_not_reached_before_timeout,False,False,True,True,,False,16.0,https://adamraudonis.github.io/DoorBench/#/review?door=db0253_gate_swing
db0254_swing_single,swing_single,goal_not_reached_before_timeout,False,False,True,True,,False,16.0,https://adamraudonis.github.io/DoorBench/#/review?door=db0254_swing_single
db0255_swing_single,swing_single,goal_not_reached_before_timeout,False,False,True,True,,False,16.0,https://adamraudonis.github.io/DoorBench/#/review?door=db0255_swing_single
db0256_swing_single,swing_single,goal_not_reached_before_timeout,False,False,True,True,,False,16.0,https://adamraudonis.github.io/DoorBench/#/review?door=db0256_swing_single
db0257_swing_single,swing_single,goal_not_reached_before_timeout,False,False,True,True,,False,16.0,https://adamraudonis.github.io/DoorBench/#/review?door=db0257_swing_single
db0258_rollup,rollup,goal_not_reached_before_timeout,False,False,True,True,,False,16.0,https://adamraudonis.github.io/DoorBench/#/review?door=db0258_rollup
db0259_swing_single,swing_single,goal_not_reached_before_timeout,False,False,True,True,,False,16.0,https://adamraudonis.github.io/DoorBench/#/review?door=db0259_swing_single
db0260_revolving,revolving,success,True,True,True,True,,False,14.092,https://adamraudonis.github.io/DoorBench/#/review?door=db0260_revolving
db0261_swing_double,swing_double,goal_not_reached_before_timeout,False,False,True,True,,False,16.0,https://adamraudonis.github.io/DoorBench/#/review?door=db0261_swing_double
db0262_sliding_single,sliding_single,goal_not_reached_before_timeout,False,False,True,True,,False,16.0,https://adamraudonis.github.io/DoorBench/#/review?door=db0262_sliding_single
db0263_swing_single,swing_single,goal_not_reached_before_timeout,False,False,True,True,,False,16.0,https://adamraudonis.github.io/DoorBench/#/review?door=db0263_swing_single
db0264_swing_single,swing_single,goal_not_reached_before_timeout,False,False,True,True,,False,16.0,https://adamraudonis.github.io/DoorBench/#/review?door=db0264_swing_single
db0265_swing_single,swing_single,goal_not_reached_before_timeout,False,False,True,True,,False,16.0,https://adamraudonis.github.io/DoorBench/#/review?door=db0265_swing_single
db0266_swing_single,swing_single,goal_not_reached_before_timeout,False,False,True,True,,False,16.0,https://adamraudonis.github.io/DoorBench/#/review?door=db0266_swing_single
db0267_sliding_bypass,sliding_bypass,goal_not_reached_before_timeout,False,False,True,True,,False,16.0,https://adamraudonis.github.io/DoorBench/#/review?door=db0267_sliding_bypass
db0268_swing_single,swing_single,goal_not_reached_before_timeout,False,False,True,True,,False,16.0,https://adamraudonis.github.io/DoorBench/#/review?door=db0268_swing_single
db0269_swing_single,swing_single,native_error,False,False,True,True,nonfinite_native_state,True,0.244,https://adamraudonis.github.io/DoorBench/#/review?door=db0269_swing_single
db0270_swing_single,swing_single,goal_not_reached_before_timeout,False,False,True,True,,False,16.0,https://adamraudonis.github.io/DoorBench/#/review?door=db0270_swing_single
db0271_sliding_single,sliding_single,goal_not_reached_before_timeout,False,False,True,True,,False,16.0,https://adamraudonis.github.io/DoorBench/#/review?door=db0271_sliding_single
db0272_turnstile_tripod,turnstile_tripod,robot_fell,False,False,True,True,,False,10.458,https://adamraudonis.github.io/DoorBench/#/review?door=db0272_turnstile_tripod
db0273_turnstile_fullheight,turnstile_fullheight,robot_fell,False,False,True,True,,False,6.384,https://adamraudonis.github.io/DoorBench/#/review?door=db0273_turnstile_fullheight
db0274_sliding_single,sliding_single,goal_not_reached_before_timeout,False,False,True,True,,False,16.0,https://adamraudonis.github.io/DoorBench/#/review?door=db0274_sliding_single
db0275_swing_double,swing_double,goal_not_reached_before_timeout,False,False,True,True,,False,16.0,https://adamraudonis.github.io/DoorBench/#/review?door=db0275_swing_double
db0276_cold_storage,cold_storage,success,True,True,True,True,,False,9.464,https://adamraudonis.github.io/DoorBench/#/review?door=db0276_cold_storage
db0277_swing_single,swing_single,goal_not_reached_before_timeout,False,False,True,True,,False,16.0,https://adamraudonis.github.io/DoorBench/#/review?door=db0277_swing_single
db0278_swing_single,swing_single,goal_not_reached_before_timeout,False,False,True,True,,False,16.0,https://adamraudonis.github.io/DoorBench/#/review?door=db0278_swing_single
db0279_swing_double,swing_double,success,True,True,True,True,,False,9.188,https://adamraudonis.github.io/DoorBench/#/review?door=db0279_swing_double
db0280_swing_single,swing_single,goal_not_reached_before_timeout,False,False,True,True,,False,16.0,https://adamraudonis.github.io/DoorBench/#/review?door=db0280_swing_single
db0281_gate_swing,gate_swing,goal_not_reached_before_timeout,False,False,True,True,,False,16.0,https://adamraudonis.github.io/DoorBench/#/review?door=db0281_gate_swing
db0282_swing_single,swing_single,goal_not_reached_before_timeout,False,False,True,True,,False,16.0,https://adamraudonis.github.io/DoorBench/#/review?door=db0282_swing_single
db0283_automatic_sliding,automatic_sliding,goal_not_reached_before_timeout,False,False,True,True,,False,16.0,https://adamraudonis.github.io/DoorBench/#/review?door=db0283_automatic_sliding
db0284_garage_tiltup,garage_tiltup,goal_not_reached_before_timeout,False,False,True,False,,False,16.0,https://adamraudonis.github.io/DoorBench/#/review?door=db0284_garage_tiltup
db0285_ship_watertight,ship_watertight,goal_not_reached_before_timeout,False,False,True,True,,False,16.0,https://adamraudonis.github.io/DoorBench/#/review?door=db0285_ship_watertight
db0286_swing_single,swing_single,goal_not_reached_before_timeout,False,False,True,True,,False,16.0,https://adamraudonis.github.io/DoorBench/#/review?door=db0286_swing_single
db0287_gate_swing,gate_swing,goal_not_reached_before_timeout,False,False,True,True,,False,16.0,https://adamraudonis.github.io/DoorBench/#/review?door=db0287_gate_swing
db0288_blast,blast,goal_not_reached_before_timeout,False,False,True,True,,False,16.0,https://adamraudonis.github.io/DoorBench/#/review?door=db0288_blast
db0289_garage_sectional,garage_sectional,goal_not_reached_before_timeout,False,False,True,False,,False,16.0,https://adamraudonis.github.io/DoorBench/#/review?door=db0289_garage_sectional
db0290_swing_single,swing_single,goal_not_reached_before_timeout,False,False,True,True,,False,16.0,https://adamraudonis.github.io/DoorBench/#/review?door=db0290_swing_single
db0291_stall,stall,goal_not_reached_before_timeout,False,False,True,True,,False,16.0,https://adamraudonis.github.io/DoorBench/#/review?door=db0291_stall
db0292_accordion,accordion,goal_not_reached_before_timeout,False,False,True,True,,False,16.0,https://adamraudonis.github.io/DoorBench/#/review?door=db0292_accordion
db0293_swing_single,swing_single,goal_not_reached_before_timeout,False,False,True,True,,False,16.0,https://adamraudonis.github.io/DoorBench/#/review?door=db0293_swing_single
db0294_swing_single,swing_single,goal_not_reached_before_timeout,False,False,True,True,,False,16.0,https://adamraudonis.github.io/DoorBench/#/review?door=db0294_swing_single
db0295_swing_single,swing_single,goal_not_reached_before_timeout,False,False,True,True,,False,16.0,https://adamraudonis.github.io/DoorBench/#/review?door=db0295_swing_single
db0296_sliding_single,sliding_single,goal_not_reached_before_timeout,False,False,True,True,,False,16.0,https://adamraudonis.github.io/DoorBench/#/review?door=db0296_sliding_single
db0297_swing_single,swing_single,goal_not_reached_before_timeout,False,False,True,True,,False,16.0,https://adamraudonis.github.io/DoorBench/#/review?door=db0297_swing_single
db0298_swing_single,swing_single,goal_not_reached_before_timeout,False,False,True,True,,False,16.0,https://adamraudonis.github.io/DoorBench/#/review?door=db0298_swing_single
db0299_saloon,saloon,goal_not_reached_before_timeout,False,False,True,True,,False,16.0,https://adamraudonis.github.io/DoorBench/#/review?door=db0299_saloon
db0300_saloon,saloon,goal_not_reached_before_timeout,False,False,True,True,,False,16.0,https://adamraudonis.github.io/DoorBench/#/review?door=db0300_saloon
db0301_gate_swing,gate_swing,success,True,True,True,True,,False,13.064,https://adamraudonis.github.io/DoorBench/#/review?door=db0301_gate_swing
db0302_swing_double,swing_double,goal_not_reached_before_timeout,False,False,True,True,,False,16.0,https://adamraudonis.github.io/DoorBench/#/review?door=db0302_swing_double
db0303_swing_single,swing_single,goal_not_reached_before_timeout,False,False,True,True,,False,16.0,https://adamraudonis.github.io/DoorBench/#/review?door=db0303_swing_single
db0304_swing_single,swing_single,goal_not_reached_before_timeout,False,False,True,True,,False,16.0,https://adamraudonis.github.io/DoorBench/#/review?door=db0304_swing_single
db0305_swing_single,swing_single,goal_without_valid_crossing,False,True,True,True,,False,11.728,https://adamraudonis.github.io/DoorBench/#/review?door=db0305_swing_single
db0306_sliding_single,sliding_single,goal_not_reached_before_timeout,False,False,True,True,,False,16.0,https://adamraudonis.github.io/DoorBench/#/review?door=db0306_sliding_single
db0307_swing_single,swing_single,goal_not_reached_before_timeout,False,False,True,True,,False,16.0,https://adamraudonis.github.io/DoorBench/#/review?door=db0307_swing_single
db0308_pivot,pivot,goal_not_reached_before_timeout,False,False,True,True,,False,16.0,https://adamraudonis.github.io/DoorBench/#/review?door=db0308_pivot
db0309_gate_sliding,gate_sliding,goal_not_reached_before_timeout,False,False,True,True,,False,16.0,https://adamraudonis.github.io/DoorBench/#/review?door=db0309_gate_sliding
db0310_swing_single,swing_single,goal_not_reached_before_timeout,False,False,True,True,,False,16.0,https://adamraudonis.github.io/DoorBench/#/review?door=db0310_swing_single
db0311_swing_single,swing_single,goal_not_reached_before_timeout,False,False,True,True,,False,16.0,https://adamraudonis.github.io/DoorBench/#/review?door=db0311_swing_single
db0312_swing_single,swing_single,goal_not_reached_before_timeout,False,False,True,True,,False,16.0,https://adamraudonis.github.io/DoorBench/#/review?door=db0312_swing_single
db0313_rollup,rollup,goal_not_reached_before_timeout,False,False,True,True,,False,16.0,https://adamraudonis.github.io/DoorBench/#/review?door=db0313_rollup
db0314_ship_watertight,ship_watertight,goal_not_reached_before_timeout,False,False,True,True,,False,16.0,https://adamraudonis.github.io/DoorBench/#/review?door=db0314_ship_watertight
db0315_swing_single,swing_single,goal_not_reached_before_timeout,False,False,True,True,,False,16.0,https://adamraudonis.github.io/DoorBench/#/review?door=db0315_swing_single
db0316_swing_double,swing_double,goal_not_reached_before_timeout,False,False,True,True,,False,16.0,https://adamraudonis.github.io/DoorBench/#/review?door=db0316_swing_double
db0317_swing_single,swing_single,goal_not_reached_before_timeout,False,False,True,True,,False,16.0,https://adamraudonis.github.io/DoorBench/#/review?door=db0317_swing_single
db0318_swing_single,swing_single,goal_not_reached_before_timeout,False,False,True,True,,False,16.0,https://adamraudonis.github.io/DoorBench/#/review?door=db0318_swing_single
db0319_swing_single,swing_single,goal_not_reached_before_timeout,False,False,True,True,,False,16.0,https://adamraudonis.github.io/DoorBench/#/review?door=db0319_swing_single
db0320_swing_single,swing_single,goal_not_reached_before_timeout,False,False,True,True,,False,16.0,https://adamraudonis.github.io/DoorBench/#/review?door=db0320_swing_single
db0321_sliding_bypass,sliding_bypass,goal_not_reached_before_timeout,False,False,True,True,,False,16.0,https://adamraudonis.github.io/DoorBench/#/review?door=db0321_sliding_bypass
db0322_swing_single,swing_single,goal_not_reached_before_timeout,False,False,True,True,,False,16.0,https://adamraudonis.github.io/DoorBench/#/review?door=db0322_swing_single
db0323_automatic_sliding,automatic_sliding,success,True,True,True,True,,False,8.818,https://adamraudonis.github.io/DoorBench/#/review?door=db0323_automatic_sliding
db0324_swing_single,swing_single,goal_without_valid_crossing,False,True,True,True,,False,12.200000000000001,https://adamraudonis.github.io/DoorBench/#/review?door=db0324_swing_single
db0325_swing_single,swing_single,goal_not_reached_before_timeout,False,False,True,True,,False,16.0,https://adamraudonis.github.io/DoorBench/#/review?door=db0325_swing_single
db0326_pivot,pivot,goal_not_reached_before_timeout,False,False,True,True,,False,16.0,https://adamraudonis.github.io/DoorBench/#/review?door=db0326_pivot
db0327_swing_single,swing_single,goal_not_reached_before_timeout,False,False,True,True,,False,16.0,https://adamraudonis.github.io/DoorBench/#/review?door=db0327_swing_single
db0328_swing_single,swing_single,goal_not_reached_before_timeout,False,False,True,True,,False,16.0,https://adamraudonis.github.io/DoorBench/#/review?door=db0328_swing_single
db0329_swing_single,swing_single,goal_not_reached_before_timeout,False,False,True,True,,False,16.0,https://adamraudonis.github.io/DoorBench/#/review?door=db0329_swing_single
db0330_swing_single,swing_single,goal_not_reached_before_timeout,False,False,True,True,,False,16.0,https://adamraudonis.github.io/DoorBench/#/review?door=db0330_swing_single
db0331_sliding_single,sliding_single,goal_not_reached_before_timeout,False,False,True,True,,False,16.0,https://adamraudonis.github.io/DoorBench/#/review?door=db0331_sliding_single
db0332_baby_gate,baby_gate,success,True,True,True,True,,False,9.18,https://adamraudonis.github.io/DoorBench/#/review?door=db0332_baby_gate
db0333_dutch,dutch,goal_not_reached_before_timeout,False,False,True,True,,False,16.0,https://adamraudonis.github.io/DoorBench/#/review?door=db0333_dutch
db0334_swing_double,swing_double,robot_fell,False,False,True,True,,False,15.364,https://adamraudonis.github.io/DoorBench/#/review?door=db0334_swing_double
db0335_gate_swing,gate_swing,goal_not_reached_before_timeout,False,False,True,True,,False,16.0,https://adamraudonis.github.io/DoorBench/#/review?door=db0335_gate_swing
db0336_baby_gate,baby_gate,goal_not_reached_before_timeout,False,False,True,True,,False,16.0,https://adamraudonis.github.io/DoorBench/#/review?door=db0336_baby_gate
db0337_sliding_bypass,sliding_bypass,goal_not_reached_before_timeout,False,False,True,True,,False,16.0,https://adamraudonis.github.io/DoorBench/#/review?door=db0337_sliding_bypass
db0338_turnstile_fullheight,turnstile_fullheight,robot_fell,False,False,True,True,,False,10.258000000000001,https://adamraudonis.github.io/DoorBench/#/review?door=db0338_turnstile_fullheight
db0339_garage_tiltup,garage_tiltup,goal_not_reached_before_timeout,False,False,True,False,,False,16.0,https://adamraudonis.github.io/DoorBench/#/review?door=db0339_garage_tiltup
db0340_sliding_single,sliding_single,goal_not_reached_before_timeout,False,False,True,True,,False,16.0,https://adamraudonis.github.io/DoorBench/#/review?door=db0340_sliding_single
db0341_swing_double,swing_double,goal_not_reached_before_timeout,False,False,True,True,,False,16.0,https://adamraudonis.github.io/DoorBench/#/review?door=db0341_swing_double
db0342_sliding_single,sliding_single,goal_not_reached_before_timeout,False,False,True,True,,False,16.0,https://adamraudonis.github.io/DoorBench/#/review?door=db0342_sliding_single
db0343_bifold,bifold,goal_not_reached_before_timeout,False,False,True,True,,False,16.0,https://adamraudonis.github.io/DoorBench/#/review?door=db0343_bifold
db0344_turnstile_tripod,turnstile_tripod,goal_not_reached_before_timeout,False,False,True,True,,False,16.0,https://adamraudonis.github.io/DoorBench/#/review?door=db0344_turnstile_tripod
db0345_sliding_single,sliding_single,goal_not_reached_before_timeout,False,False,True,True,,False,16.0,https://adamraudonis.github.io/DoorBench/#/review?door=db0345_sliding_single
db0346_swing_double,swing_double,goal_not_reached_before_timeout,False,False,True,True,,False,16.0,https://adamraudonis.github.io/DoorBench/#/review?door=db0346_swing_double
db0347_swing_single,swing_single,goal_not_reached_before_timeout,False,False,True,True,,False,16.0,https://adamraudonis.github.io/DoorBench/#/review?door=db0347_swing_single
db0348_swing_single,swing_single,goal_not_reached_before_timeout,False,False,True,True,,False,16.0,https://adamraudonis.github.io/DoorBench/#/review?door=db0348_swing_single
db0349_swing_single,swing_single,goal_without_valid_crossing,False,True,True,True,,False,11.22,https://adamraudonis.github.io/DoorBench/#/review?door=db0349_swing_single
db0350_strip_curtain,strip_curtain,success,True,True,True,True,,False,8.904,https://adamraudonis.github.io/DoorBench/#/review?door=db0350_strip_curtain
db0351_pivot,pivot,goal_not_reached_before_timeout,False,False,True,True,,False,16.0,https://adamraudonis.github.io/DoorBench/#/review?door=db0351_pivot
db0352_blast,blast,goal_not_reached_before_timeout,False,False,True,True,,False,16.0,https://adamraudonis.github.io/DoorBench/#/review?door=db0352_blast
db0353_automatic_sliding,automatic_sliding,goal_not_reached_before_timeout,False,False,True,True,,False,16.0,https://adamraudonis.github.io/DoorBench/#/review?door=db0353_automatic_sliding
db0354_pivot,pivot,goal_not_reached_before_timeout,False,False,True,True,,False,16.0,https://adamraudonis.github.io/DoorBench/#/review?door=db0354_pivot
db0355_swing_single,swing_single,goal_not_reached_before_timeout,False,False,True,True,,False,16.0,https://adamraudonis.github.io/DoorBench/#/review?door=db0355_swing_single
db0356_swing_double,swing_double,success,True,True,True,True,,False,8.67,https://adamraudonis.github.io/DoorBench/#/review?door=db0356_swing_double
db0357_hatch_ceiling,hatch_ceiling,not_upright_doorway,False,True,False,True,,False,9.1,https://adamraudonis.github.io/DoorBench/#/review?door=db0357_hatch_ceiling
db0358_pivot,pivot,goal_not_reached_before_timeout,False,False,True,True,,False,16.0,https://adamraudonis.github.io/DoorBench/#/review?door=db0358_pivot
db0359_sliding_single,sliding_single,goal_not_reached_before_timeout,False,False,True,True,,False,16.0,https://adamraudonis.github.io/DoorBench/#/review?door=db0359_sliding_single
db0360_hatch_floor,hatch_floor,not_upright_doorway,False,False,False,True,,False,5.486,https://adamraudonis.github.io/DoorBench/#/review?door=db0360_hatch_floor
db0361_swing_single,swing_single,goal_not_reached_before_timeout,False,False,True,True,,False,16.0,https://adamraudonis.github.io/DoorBench/#/review?door=db0361_swing_single
db0362_swing_single,swing_single,goal_not_reached_before_timeout,False,False,True,True,,False,16.0,https://adamraudonis.github.io/DoorBench/#/review?door=db0362_swing_single
db0363_swing_single,swing_single,goal_not_reached_before_timeout,False,False,True,True,,False,16.0,https://adamraudonis.github.io/DoorBench/#/review?door=db0363_swing_single
db0364_swing_single,swing_single,goal_not_reached_before_timeout,False,False,True,True,,False,16.0,https://adamraudonis.github.io/DoorBench/#/review?door=db0364_swing_single
db0365_swing_single,swing_single,goal_not_reached_before_timeout,False,False,True,True,,False,16.0,https://adamraudonis.github.io/DoorBench/#/review?door=db0365_swing_single
db0366_gate_swing,gate_swing,goal_not_reached_before_timeout,False,False,True,True,,False,16.0,https://adamraudonis.github.io/DoorBench/#/review?door=db0366_gate_swing
db0367_swing_single,swing_single,goal_not_reached_before_timeout,False,False,True,True,,False,16.0,https://adamraudonis.github.io/DoorBench/#/review?door=db0367_swing_single
db0368_gate_swing,gate_swing,goal_not_reached_before_timeout,False,False,True,True,,False,16.0,https://adamraudonis.github.io/DoorBench/#/review?door=db0368_gate_swing
db0369_swing_single,swing_single,goal_not_reached_before_timeout,False,False,True,True,,False,16.0,https://adamraudonis.github.io/DoorBench/#/review?door=db0369_swing_single
db0370_sliding_single,sliding_single,goal_not_reached_before_timeout,False,False,True,True,,False,16.0,https://adamraudonis.github.io/DoorBench/#/review?door=db0370_sliding_single
db0371_rollup,rollup,goal_not_reached_before_timeout,False,False,True,True,,False,16.0,https://adamraudonis.github.io/DoorBench/#/review?door=db0371_rollup
db0372_bifold,bifold,goal_not_reached_before_timeout,False,False,True,True,,False,16.0,https://adamraudonis.github.io/DoorBench/#/review?door=db0372_bifold
db0373_sliding_single,sliding_single,goal_not_reached_before_timeout,False,False,True,True,,False,16.0,https://adamraudonis.github.io/DoorBench/#/review?door=db0373_sliding_single
db0374_swing_single,swing_single,goal_not_reached_before_timeout,False,False,True,True,,False,16.0,https://adamraudonis.github.io/DoorBench/#/review?door=db0374_swing_single
db0375_swing_single,swing_single,goal_not_reached_before_timeout,False,False,True,True,,False,16.0,https://adamraudonis.github.io/DoorBench/#/review?door=db0375_swing_single
db0376_swing_single,swing_single,goal_not_reached_before_timeout,False,False,True,True,,False,16.0,https://adamraudonis.github.io/DoorBench/#/review?door=db0376_swing_single
db0377_sliding_bypass,sliding_bypass,goal_not_reached_before_timeout,False,False,True,True,,False,16.0,https://adamraudonis.github.io/DoorBench/#/review?door=db0377_sliding_bypass
db0378_swing_single,swing_single,goal_not_reached_before_timeout,False,False,True,True,,False,16.0,https://adamraudonis.github.io/DoorBench/#/review?door=db0378_swing_single
db0379_swing_single,swing_single,goal_not_reached_before_timeout,False,False,True,True,,False,16.0,https://adamraudonis.github.io/DoorBench/#/review?door=db0379_swing_single
db0380_hatch_floor,hatch_floor,not_upright_doorway,False,True,False,True,,False,8.854000000000001,https://adamraudonis.github.io/DoorBench/#/review?door=db0380_hatch_floor
db0381_accordion,accordion,goal_not_reached_before_timeout,False,False,True,True,,False,16.0,https://adamraudonis.github.io/DoorBench/#/review?door=db0381_accordion
db0382_sliding_bypass,sliding_bypass,goal_not_reached_before_timeout,False,False,True,True,,False,16.0,https://adamraudonis.github.io/DoorBench/#/review?door=db0382_sliding_bypass
db0383_revolving,revolving,goal_not_reached_before_timeout,False,False,True,True,,False,16.0,https://adamraudonis.github.io/DoorBench/#/review?door=db0383_revolving
db0384_ship_watertight,ship_watertight,goal_not_reached_before_timeout,False,False,True,True,,False,16.0,https://adamraudonis.github.io/DoorBench/#/review?door=db0384_ship_watertight
db0385_swing_single,swing_single,goal_not_reached_before_timeout,False,False,True,True,,False,16.0,https://adamraudonis.github.io/DoorBench/#/review?door=db0385_swing_single
db0386_swing_single,swing_single,goal_not_reached_before_timeout,False,False,True,True,,False,16.0,https://adamraudonis.github.io/DoorBench/#/review?door=db0386_swing_single
db0387_sliding_bypass,sliding_bypass,goal_not_reached_before_timeout,False,False,True,True,,False,16.0,https://adamraudonis.github.io/DoorBench/#/review?door=db0387_sliding_bypass
db0388_swing_single,swing_single,goal_not_reached_before_timeout,False,False,True,True,,False,16.0,https://adamraudonis.github.io/DoorBench/#/review?door=db0388_swing_single
db0389_hatch_ceiling,hatch_ceiling,not_upright_doorway,False,True,False,True,,False,9.736,https://adamraudonis.github.io/DoorBench/#/review?door=db0389_hatch_ceiling
db0390_swing_single,swing_single,goal_not_reached_before_timeout,False,False,True,True,,False,16.0,https://adamraudonis.github.io/DoorBench/#/review?door=db0390_swing_single
db0391_dutch,dutch,goal_not_reached_before_timeout,False,False,True,True,,False,16.0,https://adamraudonis.github.io/DoorBench/#/review?door=db0391_dutch
db0392_swing_single,swing_single,goal_without_valid_crossing,False,True,True,True,,False,9.906,https://adamraudonis.github.io/DoorBench/#/review?door=db0392_swing_single
db0393_turnstile_tripod,turnstile_tripod,goal_not_reached_before_timeout,False,False,True,True,,False,16.0,https://adamraudonis.github.io/DoorBench/#/review?door=db0393_turnstile_tripod
db0394_swing_single,swing_single,goal_not_reached_before_timeout,False,False,True,True,,False,16.0,https://adamraudonis.github.io/DoorBench/#/review?door=db0394_swing_single
db0395_swing_double,swing_double,goal_not_reached_before_timeout,False,False,True,True,,False,16.0,https://adamraudonis.github.io/DoorBench/#/review?door=db0395_swing_double
db0396_swing_double,swing_double,goal_not_reached_before_timeout,False,False,True,True,,False,16.0,https://adamraudonis.github.io/DoorBench/#/review?door=db0396_swing_double
db0397_swing_single,swing_single,goal_not_reached_before_timeout,False,False,True,True,,False,16.0,https://adamraudonis.github.io/DoorBench/#/review?door=db0397_swing_single
db0398_sliding_single,sliding_single,goal_not_reached_before_timeout,False,False,True,True,,False,16.0,https://adamraudonis.github.io/DoorBench/#/review?door=db0398_sliding_single
db0400_swing_single,swing_single,goal_not_reached_before_timeout,False,False,True,True,,False,16.0,https://adamraudonis.github.io/DoorBench/#/review?door=db0400_swing_single
db0401_sliding_bypass,sliding_bypass,goal_not_reached_before_timeout,False,False,True,True,,False,16.0,https://adamraudonis.github.io/DoorBench/#/review?door=db0401_sliding_bypass
db0402_swing_single,swing_single,goal_not_reached_before_timeout,False,False,True,True,,False,16.0,https://adamraudonis.github.io/DoorBench/#/review?door=db0402_swing_single
db0403_swing_single,swing_single,goal_not_reached_before_timeout,False,False,True,True,,False,16.0,https://adamraudonis.github.io/DoorBench/#/review?door=db0403_swing_single
db0404_swing_single,swing_single,goal_not_reached_before_timeout,False,False,True,True,,False,16.0,https://adamraudonis.github.io/DoorBench/#/review?door=db0404_swing_single
db0405_elevator,elevator,goal_not_reached_before_timeout,False,False,True,True,,False,16.0,https://adamraudonis.github.io/DoorBench/#/review?door=db0405_elevator
db0406_strip_curtain,strip_curtain,robot_fell,False,False,True,True,,False,12.878,https://adamraudonis.github.io/DoorBench/#/review?door=db0406_strip_curtain
db0407_swing_double,swing_double,goal_not_reached_before_timeout,False,False,True,True,,False,16.0,https://adamraudonis.github.io/DoorBench/#/review?door=db0407_swing_double
db0408_swing_single,swing_single,goal_not_reached_before_timeout,False,False,True,True,,False,16.0,https://adamraudonis.github.io/DoorBench/#/review?door=db0408_swing_single
db0409_cold_storage,cold_storage,goal_not_reached_before_timeout,False,False,True,True,,False,16.0,https://adamraudonis.github.io/DoorBench/#/review?door=db0409_cold_storage
db0410_swing_single,swing_single,goal_not_reached_before_timeout,False,False,True,True,,False,16.0,https://adamraudonis.github.io/DoorBench/#/review?door=db0410_swing_single
db0411_swing_single,swing_single,goal_not_reached_before_timeout,False,False,True,True,,False,16.0,https://adamraudonis.github.io/DoorBench/#/review?door=db0411_swing_single
db0412_hatch_floor,hatch_floor,not_upright_doorway,False,True,False,True,,False,8.682,https://adamraudonis.github.io/DoorBench/#/review?door=db0412_hatch_floor
db0413_swing_double,swing_double,goal_not_reached_before_timeout,False,False,True,True,,False,16.0,https://adamraudonis.github.io/DoorBench/#/review?door=db0413_swing_double
db0414_automatic_sliding,automatic_sliding,goal_not_reached_before_timeout,False,False,True,True,,False,16.0,https://adamraudonis.github.io/DoorBench/#/review?door=db0414_automatic_sliding
db0415_gate_sliding,gate_sliding,goal_not_reached_before_timeout,False,False,True,True,,False,16.0,https://adamraudonis.github.io/DoorBench/#/review?door=db0415_gate_sliding
db0416_swing_single,swing_single,native_error,False,False,True,True,nonfinite_native_state,True,0.032,https://adamraudonis.github.io/DoorBench/#/review?door=db0416_swing_single
db0417_sliding_single,sliding_single,goal_not_reached_before_timeout,False,False,True,True,,False,16.0,https://adamraudonis.github.io/DoorBench/#/review?door=db0417_sliding_single
db0418_swing_single,swing_single,goal_without_valid_crossing,False,True,True,True,,False,11.26,https://adamraudonis.github.io/DoorBench/#/review?door=db0418_swing_single
db0419_rollup,rollup,goal_not_reached_before_timeout,False,False,True,True,,False,16.0,https://adamraudonis.github.io/DoorBench/#/review?door=db0419_rollup
db0420_stall,stall,success,True,True,True,True,,False,10.65,https://adamraudonis.github.io/DoorBench/#/review?door=db0420_stall
db0421_swing_single,swing_single,goal_not_reached_before_timeout,False,False,True,True,,False,16.0,https://adamraudonis.github.io/DoorBench/#/review?door=db0421_swing_single
db0422_swing_single,swing_single,goal_not_reached_before_timeout,False,False,True,True,,False,16.0,https://adamraudonis.github.io/DoorBench/#/review?door=db0422_swing_single
db0423_dutch,dutch,goal_not_reached_before_timeout,False,False,True,True,,False,16.0,https://adamraudonis.github.io/DoorBench/#/review?door=db0423_dutch
db0424_swing_single,swing_single,robot_fell,False,False,True,True,,False,8.224,https://adamraudonis.github.io/DoorBench/#/review?door=db0424_swing_single
db0425_swing_single,swing_single,goal_not_reached_before_timeout,False,False,True,True,,False,16.0,https://adamraudonis.github.io/DoorBench/#/review?door=db0425_swing_single
db0426_vault,vault,robot_fell,False,False,True,True,,False,7.978,https://adamraudonis.github.io/DoorBench/#/review?door=db0426_vault
db0427_swing_double,swing_double,goal_not_reached_before_timeout,False,False,True,True,,False,16.0,https://adamraudonis.github.io/DoorBench/#/review?door=db0427_swing_double
db0428_swing_single,swing_single,goal_not_reached_before_timeout,False,False,True,True,,False,16.0,https://adamraudonis.github.io/DoorBench/#/review?door=db0428_swing_single
db0429_swing_double,swing_double,goal_not_reached_before_timeout,False,False,True,True,,False,16.0,https://adamraudonis.github.io/DoorBench/#/review?door=db0429_swing_double
db0430_bifold,bifold,goal_not_reached_before_timeout,False,False,True,True,,False,16.0,https://adamraudonis.github.io/DoorBench/#/review?door=db0430_bifold
db0431_sliding_single,sliding_single,goal_not_reached_before_timeout,False,False,True,True,,False,16.0,https://adamraudonis.github.io/DoorBench/#/review?door=db0431_sliding_single
db0432_cold_storage,cold_storage,success,True,True,True,True,,False,11.754,https://adamraudonis.github.io/DoorBench/#/review?door=db0432_cold_storage
db0433_garage_sectional,garage_sectional,goal_not_reached_before_timeout,False,False,True,False,,False,16.0,https://adamraudonis.github.io/DoorBench/#/review?door=db0433_garage_sectional
db0434_gate_swing,gate_swing,goal_not_reached_before_timeout,False,False,True,True,,False,16.0,https://adamraudonis.github.io/DoorBench/#/review?door=db0434_gate_swing
db0435_rollup,rollup,goal_not_reached_before_timeout,False,False,True,True,,False,16.0,https://adamraudonis.github.io/DoorBench/#/review?door=db0435_rollup
db0436_swing_single,swing_single,goal_not_reached_before_timeout,False,False,True,True,,False,16.0,https://adamraudonis.github.io/DoorBench/#/review?door=db0436_swing_single
db0437_garage_sectional,garage_sectional,goal_not_reached_before_timeout,False,False,True,False,,False,16.0,https://adamraudonis.github.io/DoorBench/#/review?door=db0437_garage_sectional
db0438_swing_single,swing_single,goal_not_reached_before_timeout,False,False,True,True,,False,16.0,https://adamraudonis.github.io/DoorBench/#/review?door=db0438_swing_single
db0439_swing_single,swing_single,goal_not_reached_before_timeout,False,False,True,True,,False,16.0,https://adamraudonis.github.io/DoorBench/#/review?door=db0439_swing_single
db0440_turnstile_fullheight,turnstile_fullheight,goal_not_reached_before_timeout,False,False,True,True,,False,16.0,https://adamraudonis.github.io/DoorBench/#/review?door=db0440_turnstile_fullheight
db0441_swing_single,swing_single,goal_not_reached_before_timeout,False,False,True,True,,False,16.0,https://adamraudonis.github.io/DoorBench/#/review?door=db0441_swing_single
db0442_hatch_floor,hatch_floor,not_upright_doorway,False,False,False,True,,False,11.596,https://adamraudonis.github.io/DoorBench/#/review?door=db0442_hatch_floor
db0443_swing_single,swing_single,native_error,False,False,True,True,nonfinite_native_state,True,0.706,https://adamraudonis.github.io/DoorBench/#/review?door=db0443_swing_single
db0444_swing_single,swing_single,robot_fell,False,False,True,True,,False,5.864,https://adamraudonis.github.io/DoorBench/#/review?door=db0444_swing_single
db0445_sliding_bypass,sliding_bypass,goal_not_reached_before_timeout,False,False,True,True,,False,16.0,https://adamraudonis.github.io/DoorBench/#/review?door=db0445_sliding_bypass
db0446_swing_single,swing_single,goal_not_reached_before_timeout,False,False,True,True,,False,16.0,https://adamraudonis.github.io/DoorBench/#/review?door=db0446_swing_single
db0447_sliding_bypass,sliding_bypass,goal_not_reached_before_timeout,False,False,True,True,,False,16.0,https://adamraudonis.github.io/DoorBench/#/review?door=db0447_sliding_bypass
db0448_sliding_single,sliding_single,goal_not_reached_before_timeout,False,False,True,True,,False,16.0,https://adamraudonis.github.io/DoorBench/#/review?door=db0448_sliding_single
db0449_hatch_floor,hatch_floor,not_upright_doorway,False,False,False,True,,False,6.164,https://adamraudonis.github.io/DoorBench/#/review?door=db0449_hatch_floor
db0450_swing_single,swing_single,goal_not_reached_before_timeout,False,False,True,True,,False,16.0,https://adamraudonis.github.io/DoorBench/#/review?door=db0450_swing_single
db0451_swing_single,swing_single,goal_not_reached_before_timeout,False,False,True,True,,False,16.0,https://adamraudonis.github.io/DoorBench/#/review?door=db0451_swing_single
db0452_hatch_floor,hatch_floor,not_upright_doorway,False,True,False,True,,False,9.02,https://adamraudonis.github.io/DoorBench/#/review?door=db0452_hatch_floor
db0453_sliding_single,sliding_single,goal_not_reached_before_timeout,False,False,True,True,,False,16.0,https://adamraudonis.github.io/DoorBench/#/review?door=db0453_sliding_single
db0454_swing_double,swing_double,goal_not_reached_before_timeout,False,False,True,True,,False,16.0,https://adamraudonis.github.io/DoorBench/#/review?door=db0454_swing_double
db0455_gate_swing,gate_swing,goal_not_reached_before_timeout,False,False,True,True,,False,16.0,https://adamraudonis.github.io/DoorBench/#/review?door=db0455_gate_swing
db0456_swing_single,swing_single,goal_not_reached_before_timeout,False,False,True,True,,False,16.0,https://adamraudonis.github.io/DoorBench/#/review?door=db0456_swing_single
db0457_swing_single,swing_single,goal_not_reached_before_timeout,False,False,True,True,,False,16.0,https://adamraudonis.github.io/DoorBench/#/review?door=db0457_swing_single
db0458_vault,vault,goal_not_reached_before_timeout,False,False,True,True,,False,16.0,https://adamraudonis.github.io/DoorBench/#/review?door=db0458_vault
db0459_sliding_bypass,sliding_bypass,goal_not_reached_before_timeout,False,False,True,True,,False,16.0,https://adamraudonis.github.io/DoorBench/#/review?door=db0459_sliding_bypass
db0460_dutch,dutch,goal_not_reached_before_timeout,False,False,True,True,,False,16.0,https://adamraudonis.github.io/DoorBench/#/review?door=db0460_dutch
db0461_swing_single,swing_single,goal_not_reached_before_timeout,False,False,True,True,,False,16.0,https://adamraudonis.github.io/DoorBench/#/review?door=db0461_swing_single
db0462_swing_single,swing_single,robot_fell,False,False,True,True,,False,12.790000000000001,https://adamraudonis.github.io/DoorBench/#/review?door=db0462_swing_single
db0463_swing_single,swing_single,goal_not_reached_before_timeout,False,False,True,True,,False,16.0,https://adamraudonis.github.io/DoorBench/#/review?door=db0463_swing_single
db0464_swing_single,swing_single,goal_not_reached_before_timeout,False,False,True,True,,False,16.0,https://adamraudonis.github.io/DoorBench/#/review?door=db0464_swing_single
db0465_sliding_single,sliding_single,goal_not_reached_before_timeout,False,False,True,True,,False,16.0,https://adamraudonis.github.io/DoorBench/#/review?door=db0465_sliding_single
db0466_swing_single,swing_single,goal_not_reached_before_timeout,False,False,True,True,,False,16.0,https://adamraudonis.github.io/DoorBench/#/review?door=db0466_swing_single
db0467_swing_double,swing_double,goal_not_reached_before_timeout,False,False,True,True,,False,16.0,https://adamraudonis.github.io/DoorBench/#/review?door=db0467_swing_double
db0468_sliding_single,sliding_single,goal_not_reached_before_timeout,False,False,True,True,,False,16.0,https://adamraudonis.github.io/DoorBench/#/review?door=db0468_sliding_single
db0469_cold_storage,cold_storage,success,True,True,True,True,,False,14.982000000000001,https://adamraudonis.github.io/DoorBench/#/review?door=db0469_cold_storage
db0470_swing_single,swing_single,goal_not_reached_before_timeout,False,False,True,True,,False,16.0,https://adamraudonis.github.io/DoorBench/#/review?door=db0470_swing_single
db0471_sliding_single,sliding_single,goal_not_reached_before_timeout,False,False,True,True,,False,16.0,https://adamraudonis.github.io/DoorBench/#/review?door=db0471_sliding_single
db0472_swing_single,swing_single,goal_not_reached_before_timeout,False,False,True,True,,False,16.0,https://adamraudonis.github.io/DoorBench/#/review?door=db0472_swing_single
db0473_accordion,accordion,goal_not_reached_before_timeout,False,False,True,True,,False,16.0,https://adamraudonis.github.io/DoorBench/#/review?door=db0473_accordion
db0474_automatic_sliding,automatic_sliding,success,True,True,True,True,,False,8.886000000000001,https://adamraudonis.github.io/DoorBench/#/review?door=db0474_automatic_sliding
db0475_swing_single,swing_single,goal_not_reached_before_timeout,False,False,True,True,,False,16.0,https://adamraudonis.github.io/DoorBench/#/review?door=db0475_swing_single
db0476_swing_single,swing_single,goal_not_reached_before_timeout,False,False,True,True,,False,16.0,https://adamraudonis.github.io/DoorBench/#/review?door=db0476_swing_single
db0477_swing_single,swing_single,success,True,True,True,True,,False,8.71,https://adamraudonis.github.io/DoorBench/#/review?door=db0477_swing_single
db0478_gate_swing,gate_swing,success,True,True,True,True,,False,10.77,https://adamraudonis.github.io/DoorBench/#/review?door=db0478_gate_swing
db0479_automatic_swing,automatic_swing,goal_not_reached_before_timeout,False,False,True,True,,False,16.0,https://adamraudonis.github.io/DoorBench/#/review?door=db0479_automatic_swing
db0480_sliding_single,sliding_single,goal_not_reached_before_timeout,False,False,True,True,,False,16.0,https://adamraudonis.github.io/DoorBench/#/review?door=db0480_sliding_single
db0481_swing_single,swing_single,goal_not_reached_before_timeout,False,False,True,True,,False,16.0,https://adamraudonis.github.io/DoorBench/#/review?door=db0481_swing_single
db0482_gate_swing,gate_swing,goal_not_reached_before_timeout,False,False,True,True,,False,16.0,https://adamraudonis.github.io/DoorBench/#/review?door=db0482_gate_swing
db0483_baby_gate,baby_gate,goal_without_valid_crossing,False,True,True,True,,False,13.81,https://adamraudonis.github.io/DoorBench/#/review?door=db0483_baby_gate
db0484_swing_single,swing_single,goal_not_reached_before_timeout,False,False,True,True,,False,16.0,https://adamraudonis.github.io/DoorBench/#/review?door=db0484_swing_single
db0485_swing_single,swing_single,native_error,False,False,True,True,nonfinite_native_state,True,0.20600000000000002,https://adamraudonis.github.io/DoorBench/#/review?door=db0485_swing_single
db0486_bifold,bifold,goal_not_reached_before_timeout,False,False,True,True,,False,16.0,https://adamraudonis.github.io/DoorBench/#/review?door=db0486_bifold
db0487_swing_single,swing_single,goal_not_reached_before_timeout,False,False,True,True,,False,16.0,https://adamraudonis.github.io/DoorBench/#/review?door=db0487_swing_single
db0488_automatic_swing,automatic_swing,goal_not_reached_before_timeout,False,False,True,True,,False,16.0,https://adamraudonis.github.io/DoorBench/#/review?door=db0488_automatic_swing
db0489_swing_single,swing_single,goal_not_reached_before_timeout,False,False,True,True,,False,16.0,https://adamraudonis.github.io/DoorBench/#/review?door=db0489_swing_single
db0490_swing_single,swing_single,goal_not_reached_before_timeout,False,False,True,True,,False,16.0,https://adamraudonis.github.io/DoorBench/#/review?door=db0490_swing_single
db0491_sliding_bypass,sliding_bypass,goal_not_reached_before_timeout,False,False,True,True,,False,16.0,https://adamraudonis.github.io/DoorBench/#/review?door=db0491_sliding_bypass
db0492_swing_single,swing_single,goal_not_reached_before_timeout,False,False,True,True,,False,16.0,https://adamraudonis.github.io/DoorBench/#/review?door=db0492_swing_single
db0493_swing_single,swing_single,goal_not_reached_before_timeout,False,False,True,True,,False,16.0,https://adamraudonis.github.io/DoorBench/#/review?door=db0493_swing_single
db0494_swing_double,swing_double,goal_not_reached_before_timeout,False,False,True,True,,False,16.0,https://adamraudonis.github.io/DoorBench/#/review?door=db0494_swing_double
db0495_sliding_bypass,sliding_bypass,goal_not_reached_before_timeout,False,False,True,True,,False,16.0,https://adamraudonis.github.io/DoorBench/#/review?door=db0495_sliding_bypass
db0496_swing_single,swing_single,goal_not_reached_before_timeout,False,False,True,True,,False,16.0,https://adamraudonis.github.io/DoorBench/#/review?door=db0496_swing_single
db0497_turnstile_fullheight,turnstile_fullheight,goal_not_reached_before_timeout,False,False,True,True,,False,16.0,https://adamraudonis.github.io/DoorBench/#/review?door=db0497_turnstile_fullheight
db0498_swing_single,swing_single,goal_not_reached_before_timeout,False,False,True,True,,False,16.0,https://adamraudonis.github.io/DoorBench/#/review?door=db0498_swing_single
db0499_sliding_bypass,sliding_bypass,goal_not_reached_before_timeout,False,False,True,True,,False,16.0,https://adamraudonis.github.io/DoorBench/#/review?door=db0499_sliding_bypass
db0500_sliding_bypass,sliding_bypass,goal_not_reached_before_timeout,False,False,True,True,,False,16.0,https://adamraudonis.github.io/DoorBench/#/review?door=db0500_sliding_bypass
db0501_swing_single,swing_single,goal_not_reached_before_timeout,False,False,True,True,,False,16.0,https://adamraudonis.github.io/DoorBench/#/review?door=db0501_swing_single
db0502_swing_single,swing_single,goal_not_reached_before_timeout,False,False,True,True,,False,16.0,https://adamraudonis.github.io/DoorBench/#/review?door=db0502_swing_single
db0503_swing_single,swing_single,goal_not_reached_before_timeout,False,False,True,True,,False,16.0,https://adamraudonis.github.io/DoorBench/#/review?door=db0503_swing_single
db0504_swing_single,swing_single,goal_not_reached_before_timeout,False,False,True,True,,False,16.0,https://adamraudonis.github.io/DoorBench/#/review?door=db0504_swing_single
db0505_baby_gate,baby_gate,robot_fell,False,False,True,True,,False,13.13,https://adamraudonis.github.io/DoorBench/#/review?door=db0505_baby_gate
db0506_rollup,rollup,goal_not_reached_before_timeout,False,False,True,True,,False,16.0,https://adamraudonis.github.io/DoorBench/#/review?door=db0506_rollup
db0507_cold_storage,cold_storage,goal_not_reached_before_timeout,False,False,True,True,,False,16.0,https://adamraudonis.github.io/DoorBench/#/review?door=db0507_cold_storage
db0508_swing_single,swing_single,goal_not_reached_before_timeout,False,False,True,True,,False,16.0,https://adamraudonis.github.io/DoorBench/#/review?door=db0508_swing_single
db0509_swing_double,swing_double,goal_not_reached_before_timeout,False,False,True,True,,False,16.0,https://adamraudonis.github.io/DoorBench/#/review?door=db0509_swing_double
db0510_sliding_single,sliding_single,goal_not_reached_before_timeout,False,False,True,True,,False,16.0,https://adamraudonis.github.io/DoorBench/#/review?door=db0510_sliding_single
db0511_pivot,pivot,success,True,True,True,True,,False,9.378,https://adamraudonis.github.io/DoorBench/#/review?door=db0511_pivot
db0512_sliding_single,sliding_single,goal_not_reached_before_timeout,False,False,True,True,,False,16.0,https://adamraudonis.github.io/DoorBench/#/review?door=db0512_sliding_single
db0513_swing_single,swing_single,goal_not_reached_before_timeout,False,False,True,True,,False,16.0,https://adamraudonis.github.io/DoorBench/#/review?door=db0513_swing_single
db0514_automatic_sliding,automatic_sliding,success,True,True,True,True,,False,8.786,https://adamraudonis.github.io/DoorBench/#/review?door=db0514_automatic_sliding
db0515_elevator,elevator,goal_not_reached_before_timeout,False,False,True,True,,False,16.0,https://adamraudonis.github.io/DoorBench/#/review?door=db0515_elevator
db0516_turnstile_tripod,turnstile_tripod,goal_not_reached_before_timeout,False,False,True,True,,False,16.0,https://adamraudonis.github.io/DoorBench/#/review?door=db0516_turnstile_tripod
db0517_swing_single,swing_single,goal_not_reached_before_timeout,False,False,True,True,,False,16.0,https://adamraudonis.github.io/DoorBench/#/review?door=db0517_swing_single
db0518_swing_single,swing_single,goal_not_reached_before_timeout,False,False,True,True,,False,16.0,https://adamraudonis.github.io/DoorBench/#/review?door=db0518_swing_single
db0519_swing_single,swing_single,goal_not_reached_before_timeout,False,False,True,True,,False,16.0,https://adamraudonis.github.io/DoorBench/#/review?door=db0519_swing_single
db0520_swing_double,swing_double,goal_not_reached_before_timeout,False,False,True,True,,False,16.0,https://adamraudonis.github.io/DoorBench/#/review?door=db0520_swing_double
db0521_swing_single,swing_single,goal_not_reached_before_timeout,False,False,True,True,,False,16.0,https://adamraudonis.github.io/DoorBench/#/review?door=db0521_swing_single
db0522_swing_single,swing_single,goal_not_reached_before_timeout,False,False,True,True,,False,16.0,https://adamraudonis.github.io/DoorBench/#/review?door=db0522_swing_single
db0523_swing_single,swing_single,goal_without_valid_crossing,False,True,True,True,,False,9.686,https://adamraudonis.github.io/DoorBench/#/review?door=db0523_swing_single
db0524_bifold,bifold,goal_not_reached_before_timeout,False,False,True,True,,False,16.0,https://adamraudonis.github.io/DoorBench/#/review?door=db0524_bifold
db0525_stall,stall,goal_not_reached_before_timeout,False,False,True,True,,False,16.0,https://adamraudonis.github.io/DoorBench/#/review?door=db0525_stall
db0526_swing_single,swing_single,goal_not_reached_before_timeout,False,False,True,True,,False,16.0,https://adamraudonis.github.io/DoorBench/#/review?door=db0526_swing_single
db0527_swing_single,swing_single,goal_not_reached_before_timeout,False,False,True,True,,False,16.0,https://adamraudonis.github.io/DoorBench/#/review?door=db0527_swing_single
db0528_turnstile_fullheight,turnstile_fullheight,robot_fell,False,False,True,True,,False,10.824,https://adamraudonis.github.io/DoorBench/#/review?door=db0528_turnstile_fullheight
db0529_hatch_floor,hatch_floor,not_upright_doorway,False,True,False,True,,False,9.78,https://adamraudonis.github.io/DoorBench/#/review?door=db0529_hatch_floor
db0530_vault,vault,goal_not_reached_before_timeout,False,False,True,True,,False,16.0,https://adamraudonis.github.io/DoorBench/#/review?door=db0530_vault
db0531_swing_single,swing_single,goal_not_reached_before_timeout,False,False,True,True,,False,16.0,https://adamraudonis.github.io/DoorBench/#/review?door=db0531_swing_single
db0532_swing_single,swing_single,goal_without_valid_crossing,False,True,True,True,,False,8.776,https://adamraudonis.github.io/DoorBench/#/review?door=db0532_swing_single
db0533_accordion,accordion,goal_not_reached_before_timeout,False,False,True,True,,False,16.0,https://adamraudonis.github.io/DoorBench/#/review?door=db0533_accordion
db0534_swing_double,swing_double,goal_not_reached_before_timeout,False,False,True,True,,False,16.0,https://adamraudonis.github.io/DoorBench/#/review?door=db0534_swing_double
db0535_strip_curtain,strip_curtain,success,True,True,True,True,,False,8.9,https://adamraudonis.github.io/DoorBench/#/review?door=db0535_strip_curtain
db0536_swing_double,swing_double,goal_not_reached_before_timeout,False,False,True,True,,False,16.0,https://adamraudonis.github.io/DoorBench/#/review?door=db0536_swing_double
db0538_garage_sectional,garage_sectional,goal_not_reached_before_timeout,False,False,True,False,,False,16.0,https://adamraudonis.github.io/DoorBench/#/review?door=db0538_garage_sectional
db0539_swing_single,swing_single,goal_not_reached_before_timeout,False,False,True,True,,False,16.0,https://adamraudonis.github.io/DoorBench/#/review?door=db0539_swing_single
db0540_gate_swing,gate_swing,goal_not_reached_before_timeout,False,False,True,True,,False,16.0,https://adamraudonis.github.io/DoorBench/#/review?door=db0540_gate_swing
db0541_bifold,bifold,goal_not_reached_before_timeout,False,False,True,True,,False,16.0,https://adamraudonis.github.io/DoorBench/#/review?door=db0541_bifold
db0542_sliding_bypass,sliding_bypass,goal_not_reached_before_timeout,False,False,True,True,,False,16.0,https://adamraudonis.github.io/DoorBench/#/review?door=db0542_sliding_bypass
db0543_swing_single,swing_single,goal_not_reached_before_timeout,False,False,True,True,,False,16.0,https://adamraudonis.github.io/DoorBench/#/review?door=db0543_swing_single
db0544_swing_single,swing_single,goal_not_reached_before_timeout,False,False,True,True,,False,16.0,https://adamraudonis.github.io/DoorBench/#/review?door=db0544_swing_single
db0545_sliding_single,sliding_single,goal_not_reached_before_timeout,False,False,True,True,,False,16.0,https://adamraudonis.github.io/DoorBench/#/review?door=db0545_sliding_single
db0546_stall,stall,goal_not_reached_before_timeout,False,False,True,True,,False,16.0,https://adamraudonis.github.io/DoorBench/#/review?door=db0546_stall
db0547_swing_single,swing_single,goal_not_reached_before_timeout,False,False,True,True,,False,16.0,https://adamraudonis.github.io/DoorBench/#/review?door=db0547_swing_single
db0548_swing_single,swing_single,goal_not_reached_before_timeout,False,False,True,True,,False,16.0,https://adamraudonis.github.io/DoorBench/#/review?door=db0548_swing_single
db0549_cold_storage,cold_storage,goal_not_reached_before_timeout,False,False,True,True,,False,16.0,https://adamraudonis.github.io/DoorBench/#/review?door=db0549_cold_storage
db0550_sliding_bypass,sliding_bypass,goal_not_reached_before_timeout,False,False,True,True,,False,16.0,https://adamraudonis.github.io/DoorBench/#/review?door=db0550_sliding_bypass
db0551_swing_single,swing_single,goal_not_reached_before_timeout,False,False,True,True,,False,16.0,https://adamraudonis.github.io/DoorBench/#/review?door=db0551_swing_single
db0552_revolving,revolving,success,True,True,True,True,,False,12.986,https://adamraudonis.github.io/DoorBench/#/review?door=db0552_revolving
db0553_swing_single,swing_single,goal_not_reached_before_timeout,False,False,True,True,,False,16.0,https://adamraudonis.github.io/DoorBench/#/review?door=db0553_swing_single
db0554_swing_single,swing_single,native_error,False,False,True,True,nonfinite_native_state,True,2.424,https://adamraudonis.github.io/DoorBench/#/review?door=db0554_swing_single
db0555_sliding_single,sliding_single,goal_not_reached_before_timeout,False,False,True,True,,False,16.0,https://adamraudonis.github.io/DoorBench/#/review?door=db0555_sliding_single
db0556_swing_single,swing_single,goal_not_reached_before_timeout,False,False,True,True,,False,16.0,https://adamraudonis.github.io/DoorBench/#/review?door=db0556_swing_single
db0557_stall,stall,goal_not_reached_before_timeout,False,False,True,True,,False,16.0,https://adamraudonis.github.io/DoorBench/#/review?door=db0557_stall
db0558_stall,stall,goal_not_reached_before_timeout,False,False,True,True,,False,16.0,https://adamraudonis.github.io/DoorBench/#/review?door=db0558_stall
db0559_hatch_floor,hatch_floor,not_upright_doorway,False,False,False,True,,False,4.92,https://adamraudonis.github.io/DoorBench/#/review?door=db0559_hatch_floor
db0560_pivot,pivot,success,True,True,True,True,,False,12.862,https://adamraudonis.github.io/DoorBench/#/review?door=db0560_pivot
db0561_swing_single,swing_single,goal_not_reached_before_timeout,False,False,True,True,,False,16.0,https://adamraudonis.github.io/DoorBench/#/review?door=db0561_swing_single
db0562_swing_double,swing_double,goal_not_reached_before_timeout,False,False,True,True,,False,16.0,https://adamraudonis.github.io/DoorBench/#/review?door=db0562_swing_double
db0563_sliding_single,sliding_single,goal_not_reached_before_timeout,False,False,True,True,,False,16.0,https://adamraudonis.github.io/DoorBench/#/review?door=db0563_sliding_single
db0564_swing_single,swing_single,goal_not_reached_before_timeout,False,False,True,True,,False,16.0,https://adamraudonis.github.io/DoorBench/#/review?door=db0564_swing_single
db0565_swing_single,swing_single,goal_not_reached_before_timeout,False,False,True,True,,False,16.0,https://adamraudonis.github.io/DoorBench/#/review?door=db0565_swing_single
db0566_gate_swing,gate_swing,goal_not_reached_before_timeout,False,False,True,True,,False,16.0,https://adamraudonis.github.io/DoorBench/#/review?door=db0566_gate_swing
db0567_swing_single,swing_single,goal_not_reached_before_timeout,False,False,True,True,,False,16.0,https://adamraudonis.github.io/DoorBench/#/review?door=db0567_swing_single
db0568_swing_single,swing_single,goal_not_reached_before_timeout,False,False,True,True,,False,16.0,https://adamraudonis.github.io/DoorBench/#/review?door=db0568_swing_single
db0569_swing_single,swing_single,goal_not_reached_before_timeout,False,False,True,True,,False,16.0,https://adamraudonis.github.io/DoorBench/#/review?door=db0569_swing_single
db0570_swing_single,swing_single,goal_not_reached_before_timeout,False,False,True,True,,False,16.0,https://adamraudonis.github.io/DoorBench/#/review?door=db0570_swing_single
db0571_swing_single,swing_single,goal_not_reached_before_timeout,False,False,True,True,,False,16.0,https://adamraudonis.github.io/DoorBench/#/review?door=db0571_swing_single
db0572_swing_single,swing_single,goal_not_reached_before_timeout,False,False,True,True,,False,16.0,https://adamraudonis.github.io/DoorBench/#/review?door=db0572_swing_single
db0573_stall,stall,goal_not_reached_before_timeout,False,False,True,True,,False,16.0,https://adamraudonis.github.io/DoorBench/#/review?door=db0573_stall
db0574_garage_sectional,garage_sectional,goal_not_reached_before_timeout,False,False,True,False,,False,16.0,https://adamraudonis.github.io/DoorBench/#/review?door=db0574_garage_sectional
db0575_revolving,revolving,goal_not_reached_before_timeout,False,False,True,True,,False,16.0,https://adamraudonis.github.io/DoorBench/#/review?door=db0575_revolving
db0576_swing_single,swing_single,goal_not_reached_before_timeout,False,False,True,True,,False,16.0,https://adamraudonis.github.io/DoorBench/#/review?door=db0576_swing_single
db0577_swing_double,swing_double,goal_not_reached_before_timeout,False,False,True,True,,False,16.0,https://adamraudonis.github.io/DoorBench/#/review?door=db0577_swing_double
db0578_swing_single,swing_single,goal_not_reached_before_timeout,False,False,True,True,,False,16.0,https://adamraudonis.github.io/DoorBench/#/review?door=db0578_swing_single
db0579_swing_single,swing_single,goal_not_reached_before_timeout,False,False,True,True,,False,16.0,https://adamraudonis.github.io/DoorBench/#/review?door=db0579_swing_single
db0580_stall,stall,goal_not_reached_before_timeout,False,False,True,True,,False,16.0,https://adamraudonis.github.io/DoorBench/#/review?door=db0580_stall
db0581_sliding_single,sliding_single,goal_not_reached_before_timeout,False,False,True,True,,False,16.0,https://adamraudonis.github.io/DoorBench/#/review?door=db0581_sliding_single
db0582_swing_single,swing_single,goal_not_reached_before_timeout,False,False,True,True,,False,16.0,https://adamraudonis.github.io/DoorBench/#/review?door=db0582_swing_single
db0583_garage_sectional,garage_sectional,goal_not_reached_before_timeout,False,False,True,False,,False,16.0,https://adamraudonis.github.io/DoorBench/#/review?door=db0583_garage_sectional
db0584_swing_single,swing_single,goal_not_reached_before_timeout,False,False,True,True,,False,16.0,https://adamraudonis.github.io/DoorBench/#/review?door=db0584_swing_single
db0585_cold_storage,cold_storage,robot_fell,False,False,True,True,,False,5.638,https://adamraudonis.github.io/DoorBench/#/review?door=db0585_cold_storage
db0586_sliding_bypass,sliding_bypass,goal_not_reached_before_timeout,False,False,True,True,,False,16.0,https://adamraudonis.github.io/DoorBench/#/review?door=db0586_sliding_bypass
db0587_swing_double,swing_double,goal_not_reached_before_timeout,False,False,True,True,,False,16.0,https://adamraudonis.github.io/DoorBench/#/review?door=db0587_swing_double
db0588_sliding_single,sliding_single,goal_not_reached_before_timeout,False,False,True,True,,False,16.0,https://adamraudonis.github.io/DoorBench/#/review?door=db0588_sliding_single
db0589_turnstile_fullheight,turnstile_fullheight,goal_not_reached_before_timeout,False,False,True,True,,False,16.0,https://adamraudonis.github.io/DoorBench/#/review?door=db0589_turnstile_fullheight
db0590_swing_single,swing_single,goal_not_reached_before_timeout,False,False,True,True,,False,16.0,https://adamraudonis.github.io/DoorBench/#/review?door=db0590_swing_single
db0591_pivot,pivot,goal_not_reached_before_timeout,False,False,True,True,,False,16.0,https://adamraudonis.github.io/DoorBench/#/review?door=db0591_pivot
db0592_swing_single,swing_single,goal_not_reached_before_timeout,False,False,True,True,,False,16.0,https://adamraudonis.github.io/DoorBench/#/review?door=db0592_swing_single
db0593_sliding_single,sliding_single,goal_not_reached_before_timeout,False,False,True,True,,False,16.0,https://adamraudonis.github.io/DoorBench/#/review?door=db0593_sliding_single
db0594_sliding_single,sliding_single,goal_not_reached_before_timeout,False,False,True,True,,False,16.0,https://adamraudonis.github.io/DoorBench/#/review?door=db0594_sliding_single
db0595_swing_single,swing_single,goal_not_reached_before_timeout,False,False,True,True,,False,16.0,https://adamraudonis.github.io/DoorBench/#/review?door=db0595_swing_single
db0596_swing_single,swing_single,goal_not_reached_before_timeout,False,False,True,True,,False,16.0,https://adamraudonis.github.io/DoorBench/#/review?door=db0596_swing_single
db0597_sliding_single,sliding_single,goal_not_reached_before_timeout,False,False,True,True,,False,16.0,https://adamraudonis.github.io/DoorBench/#/review?door=db0597_sliding_single
db0598_hatch_ceiling,hatch_ceiling,not_upright_doorway,False,True,False,True,,False,8.852,https://adamraudonis.github.io/DoorBench/#/review?door=db0598_hatch_ceiling
db0599_swing_single,swing_single,goal_not_reached_before_timeout,False,False,True,True,,False,16.0,https://adamraudonis.github.io/DoorBench/#/review?door=db0599_swing_single
db0600_ship_watertight,ship_watertight,goal_not_reached_before_timeout,False,False,True,True,,False,16.0,https://adamraudonis.github.io/DoorBench/#/review?door=db0600_ship_watertight
db0601_swing_single,swing_single,goal_not_reached_before_timeout,False,False,True,True,,False,16.0,https://adamraudonis.github.io/DoorBench/#/review?door=db0601_swing_single
db0602_sliding_single,sliding_single,goal_not_reached_before_timeout,False,False,True,True,,False,16.0,https://adamraudonis.github.io/DoorBench/#/review?door=db0602_sliding_single
db0603_swing_single,swing_single,goal_not_reached_before_timeout,False,False,True,True,,False,16.0,https://adamraudonis.github.io/DoorBench/#/review?door=db0603_swing_single
db0604_swing_double,swing_double,goal_not_reached_before_timeout,False,False,True,True,,False,16.0,https://adamraudonis.github.io/DoorBench/#/review?door=db0604_swing_double
db0605_garage_sectional,garage_sectional,goal_not_reached_before_timeout,False,False,True,False,,False,16.0,https://adamraudonis.github.io/DoorBench/#/review?door=db0605_garage_sectional
db0606_swing_single,swing_single,goal_not_reached_before_timeout,False,False,True,True,,False,16.0,https://adamraudonis.github.io/DoorBench/#/review?door=db0606_swing_single
db0607_elevator,elevator,goal_not_reached_before_timeout,False,False,True,True,,False,16.0,https://adamraudonis.github.io/DoorBench/#/review?door=db0607_elevator
db0608_swing_double,swing_double,goal_not_reached_before_timeout,False,False,True,True,,False,16.0,https://adamraudonis.github.io/DoorBench/#/review?door=db0608_swing_double
db0610_swing_single,swing_single,robot_fell,False,False,True,True,,False,8.786,https://adamraudonis.github.io/DoorBench/#/review?door=db0610_swing_single
db0611_automatic_sliding,automatic_sliding,success,True,True,True,True,,False,8.822000000000001,https://adamraudonis.github.io/DoorBench/#/review?door=db0611_automatic_sliding
db0612_swing_single,swing_single,robot_fell,False,False,True,True,,False,8.56,https://adamraudonis.github.io/DoorBench/#/review?door=db0612_swing_single
db0613_gate_sliding,gate_sliding,goal_not_reached_before_timeout,False,False,True,True,,False,16.0,https://adamraudonis.github.io/DoorBench/#/review?door=db0613_gate_sliding
db0614_swing_double,swing_double,goal_not_reached_before_timeout,False,False,True,True,,False,16.0,https://adamraudonis.github.io/DoorBench/#/review?door=db0614_swing_double
db0615_swing_single,swing_single,goal_not_reached_before_timeout,False,False,True,True,,False,16.0,https://adamraudonis.github.io/DoorBench/#/review?door=db0615_swing_single
db0616_swing_single,swing_single,goal_not_reached_before_timeout,False,False,True,True,,False,16.0,https://adamraudonis.github.io/DoorBench/#/review?door=db0616_swing_single
db0617_pivot,pivot,goal_not_reached_before_timeout,False,False,True,True,,False,16.0,https://adamraudonis.github.io/DoorBench/#/review?door=db0617_pivot
db0618_swing_single,swing_single,goal_not_reached_before_timeout,False,False,True,True,,False,16.0,https://adamraudonis.github.io/DoorBench/#/review?door=db0618_swing_single
db0619_swing_single,swing_single,goal_not_reached_before_timeout,False,False,True,True,,False,16.0,https://adamraudonis.github.io/DoorBench/#/review?door=db0619_swing_single
db0620_sliding_single,sliding_single,goal_not_reached_before_timeout,False,False,True,True,,False,16.0,https://adamraudonis.github.io/DoorBench/#/review?door=db0620_sliding_single
db0621_sliding_bypass,sliding_bypass,goal_not_reached_before_timeout,False,False,True,True,,False,16.0,https://adamraudonis.github.io/DoorBench/#/review?door=db0621_sliding_bypass
db0622_swing_single,swing_single,goal_not_reached_before_timeout,False,False,True,True,,False,16.0,https://adamraudonis.github.io/DoorBench/#/review?door=db0622_swing_single
db0623_blast,blast,goal_not_reached_before_timeout,False,False,True,True,,False,16.0,https://adamraudonis.github.io/DoorBench/#/review?door=db0623_blast
db0624_saloon,saloon,goal_without_valid_crossing,False,True,True,True,,False,10.34,https://adamraudonis.github.io/DoorBench/#/review?door=db0624_saloon
db0625_swing_single,swing_single,goal_not_reached_before_timeout,False,False,True,True,,False,16.0,https://adamraudonis.github.io/DoorBench/#/review?door=db0625_swing_single
db0626_dutch,dutch,goal_not_reached_before_timeout,False,False,True,True,,False,16.0,https://adamraudonis.github.io/DoorBench/#/review?door=db0626_dutch
db0628_strip_curtain,strip_curtain,success,True,True,True,True,,False,8.954,https://adamraudonis.github.io/DoorBench/#/review?door=db0628_strip_curtain
db0629_garage_sectional,garage_sectional,goal_not_reached_before_timeout,False,False,True,False,,False,16.0,https://adamraudonis.github.io/DoorBench/#/review?door=db0629_garage_sectional
db0630_sliding_single,sliding_single,goal_not_reached_before_timeout,False,False,True,True,,False,16.0,https://adamraudonis.github.io/DoorBench/#/review?door=db0630_sliding_single
db0631_sliding_single,sliding_single,goal_not_reached_before_timeout,False,False,True,True,,False,16.0,https://adamraudonis.github.io/DoorBench/#/review?door=db0631_sliding_single
db0632_swing_single,swing_single,goal_not_reached_before_timeout,False,False,True,True,,False,16.0,https://adamraudonis.github.io/DoorBench/#/review?door=db0632_swing_single
db0633_swing_single,swing_single,goal_not_reached_before_timeout,False,False,True,True,,False,16.0,https://adamraudonis.github.io/DoorBench/#/review?door=db0633_swing_single
db0634_swing_double,swing_double,goal_not_reached_before_timeout,False,False,True,True,,False,16.0,https://adamraudonis.github.io/DoorBench/#/review?door=db0634_swing_double
db0635_swing_single,swing_single,goal_not_reached_before_timeout,False,False,True,True,,False,16.0,https://adamraudonis.github.io/DoorBench/#/review?door=db0635_swing_single
db0636_rollup,rollup,goal_not_reached_before_timeout,False,False,True,True,,False,16.0,https://adamraudonis.github.io/DoorBench/#/review?door=db0636_rollup
db0637_pivot,pivot,goal_not_reached_before_timeout,False,False,True,True,,False,16.0,https://adamraudonis.github.io/DoorBench/#/review?door=db0637_pivot
db0638_swing_single,swing_single,goal_not_reached_before_timeout,False,False,True,True,,False,16.0,https://adamraudonis.github.io/DoorBench/#/review?door=db0638_swing_single
db0639_sliding_single,sliding_single,goal_not_reached_before_timeout,False,False,True,True,,False,16.0,https://adamraudonis.github.io/DoorBench/#/review?door=db0639_sliding_single
db0640_swing_single,swing_single,goal_not_reached_before_timeout,False,False,True,True,,False,16.0,https://adamraudonis.github.io/DoorBench/#/review?door=db0640_swing_single
db0641_strip_curtain,strip_curtain,goal_not_reached_before_timeout,False,False,True,True,,False,16.0,https://adamraudonis.github.io/DoorBench/#/review?door=db0641_strip_curtain
db0642_swing_single,swing_single,goal_not_reached_before_timeout,False,False,True,True,,False,16.0,https://adamraudonis.github.io/DoorBench/#/review?door=db0642_swing_single
db0643_swing_double,swing_double,goal_not_reached_before_timeout,False,False,True,True,,False,16.0,https://adamraudonis.github.io/DoorBench/#/review?door=db0643_swing_double
db0644_swing_single,swing_single,goal_without_valid_crossing,False,True,True,True,,False,12.332,https://adamraudonis.github.io/DoorBench/#/review?door=db0644_swing_single
db0645_swing_single,swing_single,goal_not_reached_before_timeout,False,False,True,True,,False,16.0,https://adamraudonis.github.io/DoorBench/#/review?door=db0645_swing_single
db0646_swing_single,swing_single,goal_not_reached_before_timeout,False,False,True,True,,False,16.0,https://adamraudonis.github.io/DoorBench/#/review?door=db0646_swing_single
db0647_sliding_single,sliding_single,goal_not_reached_before_timeout,False,False,True,True,,False,16.0,https://adamraudonis.github.io/DoorBench/#/review?door=db0647_sliding_single
db0648_swing_single,swing_single,goal_not_reached_before_timeout,False,False,True,True,,False,16.0,https://adamraudonis.github.io/DoorBench/#/review?door=db0648_swing_single
db0649_sliding_bypass,sliding_bypass,goal_not_reached_before_timeout,False,False,True,True,,False,16.0,https://adamraudonis.github.io/DoorBench/#/review?door=db0649_sliding_bypass
db0650_gate_sliding,gate_sliding,goal_not_reached_before_timeout,False,False,True,True,,False,16.0,https://adamraudonis.github.io/DoorBench/#/review?door=db0650_gate_sliding
db0651_garage_tiltup,garage_tiltup,goal_not_reached_before_timeout,False,False,True,False,,False,16.0,https://adamraudonis.github.io/DoorBench/#/review?door=db0651_garage_tiltup
db0652_sliding_bypass,sliding_bypass,goal_not_reached_before_timeout,False,False,True,True,,False,16.0,https://adamraudonis.github.io/DoorBench/#/review?door=db0652_sliding_bypass
db0653_swing_single,swing_single,goal_not_reached_before_timeout,False,False,True,True,,False,16.0,https://adamraudonis.github.io/DoorBench/#/review?door=db0653_swing_single
db0654_swing_single,swing_single,goal_not_reached_before_timeout,False,False,True,True,,False,16.0,https://adamraudonis.github.io/DoorBench/#/review?door=db0654_swing_single
db0655_swing_single,swing_single,goal_not_reached_before_timeout,False,False,True,True,,False,16.0,https://adamraudonis.github.io/DoorBench/#/review?door=db0655_swing_single
db0656_sliding_single,sliding_single,goal_not_reached_before_timeout,False,False,True,True,,False,16.0,https://adamraudonis.github.io/DoorBench/#/review?door=db0656_sliding_single
db0657_swing_single,swing_single,goal_not_reached_before_timeout,False,False,True,True,,False,16.0,https://adamraudonis.github.io/DoorBench/#/review?door=db0657_swing_single
db0658_swing_single,swing_single,goal_not_reached_before_timeout,False,False,True,True,,False,16.0,https://adamraudonis.github.io/DoorBench/#/review?door=db0658_swing_single
db0659_swing_single,swing_single,goal_not_reached_before_timeout,False,False,True,True,,False,16.0,https://adamraudonis.github.io/DoorBench/#/review?door=db0659_swing_single
db0660_swing_single,swing_single,goal_not_reached_before_timeout,False,False,True,True,,False,16.0,https://adamraudonis.github.io/DoorBench/#/review?door=db0660_swing_single
db0661_baby_gate,baby_gate,goal_not_reached_before_timeout,False,False,True,True,,False,16.0,https://adamraudonis.github.io/DoorBench/#/review?door=db0661_baby_gate
db0662_gate_sliding,gate_sliding,goal_not_reached_before_timeout,False,False,True,True,,False,16.0,https://adamraudonis.github.io/DoorBench/#/review?door=db0662_gate_sliding
db0663_stall,stall,goal_not_reached_before_timeout,False,False,True,True,,False,16.0,https://adamraudonis.github.io/DoorBench/#/review?door=db0663_stall
db0664_swing_single,swing_single,goal_not_reached_before_timeout,False,False,True,True,,False,16.0,https://adamraudonis.github.io/DoorBench/#/review?door=db0664_swing_single
db0665_bifold,bifold,goal_not_reached_before_timeout,False,False,True,True,,False,16.0,https://adamraudonis.github.io/DoorBench/#/review?door=db0665_bifold
db0666_swing_single,swing_single,goal_not_reached_before_timeout,False,False,True,True,,False,16.0,https://adamraudonis.github.io/DoorBench/#/review?door=db0666_swing_single
db0667_swing_single,swing_single,success,True,True,True,True,,False,9.416,https://adamraudonis.github.io/DoorBench/#/review?door=db0667_swing_single
db0668_swing_single,swing_single,goal_not_reached_before_timeout,False,False,True,True,,False,16.0,https://adamraudonis.github.io/DoorBench/#/review?door=db0668_swing_single
db0669_sliding_bypass,sliding_bypass,goal_not_reached_before_timeout,False,False,True,True,,False,16.0,https://adamraudonis.github.io/DoorBench/#/review?door=db0669_sliding_bypass
db0670_swing_single,swing_single,goal_not_reached_before_timeout,False,False,True,True,,False,16.0,https://adamraudonis.github.io/DoorBench/#/review?door=db0670_swing_single
db0671_pivot,pivot,native_error,False,False,True,True,nonfinite_native_state,True,0.068,https://adamraudonis.github.io/DoorBench/#/review?door=db0671_pivot
db0672_blast,blast,goal_not_reached_before_timeout,False,False,True,True,,False,16.0,https://adamraudonis.github.io/DoorBench/#/review?door=db0672_blast
db0673_cold_storage,cold_storage,robot_fell,False,False,True,True,,True,5.322,https://adamraudonis.github.io/DoorBench/#/review?door=db0673_cold_storage
db0674_ship_watertight,ship_watertight,goal_not_reached_before_timeout,False,False,True,True,,False,16.0,https://adamraudonis.github.io/DoorBench/#/review?door=db0674_ship_watertight
db0675_baby_gate,baby_gate,goal_not_reached_before_timeout,False,False,True,True,,False,16.0,https://adamraudonis.github.io/DoorBench/#/review?door=db0675_baby_gate
db0676_swing_single,swing_single,goal_not_reached_before_timeout,False,False,True,True,,False,16.0,https://adamraudonis.github.io/DoorBench/#/review?door=db0676_swing_single
db0677_sliding_single,sliding_single,goal_not_reached_before_timeout,False,False,True,True,,False,16.0,https://adamraudonis.github.io/DoorBench/#/review?door=db0677_sliding_single
db0678_swing_single,swing_single,goal_not_reached_before_timeout,False,False,True,True,,False,16.0,https://adamraudonis.github.io/DoorBench/#/review?door=db0678_swing_single
db0679_bifold,bifold,goal_not_reached_before_timeout,False,False,True,True,,False,16.0,https://adamraudonis.github.io/DoorBench/#/review?door=db0679_bifold
db0680_swing_single,swing_single,goal_not_reached_before_timeout,False,False,True,True,,False,16.0,https://adamraudonis.github.io/DoorBench/#/review?door=db0680_swing_single
db0681_sliding_single,sliding_single,goal_not_reached_before_timeout,False,False,True,True,,False,16.0,https://adamraudonis.github.io/DoorBench/#/review?door=db0681_sliding_single
db0682_swing_double,swing_double,goal_not_reached_before_timeout,False,False,True,True,,False,16.0,https://adamraudonis.github.io/DoorBench/#/review?door=db0682_swing_double
db0683_bifold,bifold,goal_not_reached_before_timeout,False,False,True,True,,False,16.0,https://adamraudonis.github.io/DoorBench/#/review?door=db0683_bifold
db0684_sliding_single,sliding_single,goal_not_reached_before_timeout,False,False,True,True,,False,16.0,https://adamraudonis.github.io/DoorBench/#/review?door=db0684_sliding_single
db0685_swing_single,swing_single,goal_not_reached_before_timeout,False,False,True,True,,False,16.0,https://adamraudonis.github.io/DoorBench/#/review?door=db0685_swing_single
db0686_swing_single,swing_single,goal_not_reached_before_timeout,False,False,True,True,,False,16.0,https://adamraudonis.github.io/DoorBench/#/review?door=db0686_swing_single
db0687_strip_curtain,strip_curtain,goal_not_reached_before_timeout,False,False,True,True,,False,16.0,https://adamraudonis.github.io/DoorBench/#/review?door=db0687_strip_curtain
db0688_swing_single,swing_single,goal_not_reached_before_timeout,False,False,True,True,,False,16.0,https://adamraudonis.github.io/DoorBench/#/review?door=db0688_swing_single
db0689_swing_single,swing_single,goal_not_reached_before_timeout,False,False,True,True,,False,16.0,https://adamraudonis.github.io/DoorBench/#/review?door=db0689_swing_single
db0690_sliding_single,sliding_single,goal_not_reached_before_timeout,False,False,True,True,,False,16.0,https://adamraudonis.github.io/DoorBench/#/review?door=db0690_sliding_single
db0691_sliding_single,sliding_single,goal_not_reached_before_timeout,False,False,True,True,,False,16.0,https://adamraudonis.github.io/DoorBench/#/review?door=db0691_sliding_single
db0692_swing_single,swing_single,goal_not_reached_before_timeout,False,False,True,True,,False,16.0,https://adamraudonis.github.io/DoorBench/#/review?door=db0692_swing_single
db0693_swing_single,swing_single,goal_not_reached_before_timeout,False,False,True,True,,False,16.0,https://adamraudonis.github.io/DoorBench/#/review?door=db0693_swing_single
db0694_stall,stall,goal_not_reached_before_timeout,False,False,True,True,,False,16.0,https://adamraudonis.github.io/DoorBench/#/review?door=db0694_stall
db0695_bifold,bifold,goal_not_reached_before_timeout,False,False,True,True,,False,16.0,https://adamraudonis.github.io/DoorBench/#/review?door=db0695_bifold
db0696_sliding_single,sliding_single,goal_not_reached_before_timeout,False,False,True,True,,False,16.0,https://adamraudonis.github.io/DoorBench/#/review?door=db0696_sliding_single
db0697_swing_single,swing_single,goal_not_reached_before_timeout,False,False,True,True,,False,16.0,https://adamraudonis.github.io/DoorBench/#/review?door=db0697_swing_single
db0698_baby_gate,baby_gate,goal_not_reached_before_timeout,False,False,True,True,,False,16.0,https://adamraudonis.github.io/DoorBench/#/review?door=db0698_baby_gate
db0699_swing_single,swing_single,goal_not_reached_before_timeout,False,False,True,True,,False,16.0,https://adamraudonis.github.io/DoorBench/#/review?door=db0699_swing_single
db0700_dutch,dutch,goal_not_reached_before_timeout,False,False,True,True,,False,16.0,https://adamraudonis.github.io/DoorBench/#/review?door=db0700_dutch
db0701_swing_single,swing_single,native_error,False,False,True,True,nonfinite_native_state,True,0.042,https://adamraudonis.github.io/DoorBench/#/review?door=db0701_swing_single
db0702_swing_double,swing_double,goal_not_reached_before_timeout,False,False,True,True,,False,16.0,https://adamraudonis.github.io/DoorBench/#/review?door=db0702_swing_double
db0703_swing_single,swing_single,goal_not_reached_before_timeout,False,False,True,True,,False,16.0,https://adamraudonis.github.io/DoorBench/#/review?door=db0703_swing_single
db0704_swing_double,swing_double,success,True,True,True,True,,False,9.204,https://adamraudonis.github.io/DoorBench/#/review?door=db0704_swing_double
db0705_swing_single,swing_single,goal_not_reached_before_timeout,False,False,True,True,,False,16.0,https://adamraudonis.github.io/DoorBench/#/review?door=db0705_swing_single
db0706_swing_double,swing_double,goal_not_reached_before_timeout,False,False,True,True,,False,16.0,https://adamraudonis.github.io/DoorBench/#/review?door=db0706_swing_double
db0707_swing_double,swing_double,goal_not_reached_before_timeout,False,False,True,True,,False,16.0,https://adamraudonis.github.io/DoorBench/#/review?door=db0707_swing_double
db0708_sliding_single,sliding_single,goal_not_reached_before_timeout,False,False,True,True,,False,16.0,https://adamraudonis.github.io/DoorBench/#/review?door=db0708_sliding_single
db0709_gate_swing,gate_swing,goal_not_reached_before_timeout,False,False,True,True,,False,16.0,https://adamraudonis.github.io/DoorBench/#/review?door=db0709_gate_swing
db0710_swing_double,swing_double,goal_not_reached_before_timeout,False,False,True,True,,False,16.0,https://adamraudonis.github.io/DoorBench/#/review?door=db0710_swing_double
db0711_swing_single,swing_single,goal_not_reached_before_timeout,False,False,True,True,,False,16.0,https://adamraudonis.github.io/DoorBench/#/review?door=db0711_swing_single
db0712_swing_single,swing_single,goal_without_valid_crossing,False,True,True,True,,False,11.28,https://adamraudonis.github.io/DoorBench/#/review?door=db0712_swing_single
db0713_gate_swing,gate_swing,goal_without_valid_crossing,False,True,True,True,,False,8.91,https://adamraudonis.github.io/DoorBench/#/review?door=db0713_gate_swing
db0714_swing_double,swing_double,goal_not_reached_before_timeout,False,False,True,True,,False,16.0,https://adamraudonis.github.io/DoorBench/#/review?door=db0714_swing_double
db0715_swing_single,swing_single,goal_not_reached_before_timeout,False,False,True,True,,False,16.0,https://adamraudonis.github.io/DoorBench/#/review?door=db0715_swing_single
db0716_saloon,saloon,success,True,True,True,True,,False,11.098,https://adamraudonis.github.io/DoorBench/#/review?door=db0716_saloon
db0717_swing_single,swing_single,goal_not_reached_before_timeout,False,False,True,True,,False,16.0,https://adamraudonis.github.io/DoorBench/#/review?door=db0717_swing_single
db0718_rollup,rollup,goal_not_reached_before_timeout,False,False,True,True,,False,16.0,https://adamraudonis.github.io/DoorBench/#/review?door=db0718_rollup
db0719_swing_single,swing_single,goal_not_reached_before_timeout,False,False,True,True,,False,16.0,https://adamraudonis.github.io/DoorBench/#/review?door=db0719_swing_single
db0720_sliding_bypass,sliding_bypass,goal_not_reached_before_timeout,False,False,True,True,,False,16.0,https://adamraudonis.github.io/DoorBench/#/review?door=db0720_sliding_bypass
db0721_swing_single,swing_single,goal_not_reached_before_timeout,False,False,True,True,,False,16.0,https://adamraudonis.github.io/DoorBench/#/review?door=db0721_swing_single
db0722_swing_single,swing_single,goal_not_reached_before_timeout,False,False,True,True,,False,16.0,https://adamraudonis.github.io/DoorBench/#/review?door=db0722_swing_single
db0723_swing_single,swing_single,goal_not_reached_before_timeout,False,False,True,True,,False,16.0,https://adamraudonis.github.io/DoorBench/#/review?door=db0723_swing_single
db0724_sliding_single,sliding_single,goal_not_reached_before_timeout,False,False,True,True,,False,16.0,https://adamraudonis.github.io/DoorBench/#/review?door=db0724_sliding_single
db0725_swing_single,swing_single,goal_not_reached_before_timeout,False,False,True,True,,True,16.0,https://adamraudonis.github.io/DoorBench/#/review?door=db0725_swing_single
db0726_swing_double,swing_double,goal_not_reached_before_timeout,False,False,True,True,,False,16.0,https://adamraudonis.github.io/DoorBench/#/review?door=db0726_swing_double
db0727_swing_single,swing_single,goal_not_reached_before_timeout,False,False,True,True,,False,16.0,https://adamraudonis.github.io/DoorBench/#/review?door=db0727_swing_single
db0728_swing_single,swing_single,goal_not_reached_before_timeout,False,False,True,True,,False,16.0,https://adamraudonis.github.io/DoorBench/#/review?door=db0728_swing_single
db0729_ship_watertight,ship_watertight,goal_not_reached_before_timeout,False,False,True,True,,False,16.0,https://adamraudonis.github.io/DoorBench/#/review?door=db0729_ship_watertight
db0730_garage_sectional,garage_sectional,goal_not_reached_before_timeout,False,False,True,False,,False,16.0,https://adamraudonis.github.io/DoorBench/#/review?door=db0730_garage_sectional
db0731_sliding_bypass,sliding_bypass,goal_not_reached_before_timeout,False,False,True,True,,False,16.0,https://adamraudonis.github.io/DoorBench/#/review?door=db0731_sliding_bypass
db0732_sliding_single,sliding_single,goal_not_reached_before_timeout,False,False,True,True,,False,16.0,https://adamraudonis.github.io/DoorBench/#/review?door=db0732_sliding_single
db0733_swing_double,swing_double,goal_not_reached_before_timeout,False,False,True,True,,False,16.0,https://adamraudonis.github.io/DoorBench/#/review?door=db0733_swing_double
db0734_swing_single,swing_single,goal_not_reached_before_timeout,False,False,True,True,,False,16.0,https://adamraudonis.github.io/DoorBench/#/review?door=db0734_swing_single
db0735_sliding_single,sliding_single,goal_not_reached_before_timeout,False,False,True,True,,False,16.0,https://adamraudonis.github.io/DoorBench/#/review?door=db0735_sliding_single
db0736_swing_single,swing_single,goal_not_reached_before_timeout,False,False,True,True,,False,16.0,https://adamraudonis.github.io/DoorBench/#/review?door=db0736_swing_single
db0737_swing_single,swing_single,goal_without_valid_crossing,False,True,True,True,,False,8.716,https://adamraudonis.github.io/DoorBench/#/review?door=db0737_swing_single
db0738_saloon,saloon,success,True,True,True,True,,False,13.732000000000001,https://adamraudonis.github.io/DoorBench/#/review?door=db0738_saloon
db0739_sliding_single,sliding_single,goal_not_reached_before_timeout,False,False,True,True,,False,16.0,https://adamraudonis.github.io/DoorBench/#/review?door=db0739_sliding_single
db0740_swing_single,swing_single,goal_not_reached_before_timeout,False,False,True,True,,False,16.0,https://adamraudonis.github.io/DoorBench/#/review?door=db0740_swing_single
db0741_pivot,pivot,goal_not_reached_before_timeout,False,False,True,True,,False,16.0,https://adamraudonis.github.io/DoorBench/#/review?door=db0741_pivot
db0742_gate_swing,gate_swing,goal_not_reached_before_timeout,False,False,True,True,,False,16.0,https://adamraudonis.github.io/DoorBench/#/review?door=db0742_gate_swing
db0744_ship_watertight,ship_watertight,goal_not_reached_before_timeout,False,False,True,True,,False,16.0,https://adamraudonis.github.io/DoorBench/#/review?door=db0744_ship_watertight
db0745_swing_single,swing_single,goal_not_reached_before_timeout,False,False,True,True,,False,16.0,https://adamraudonis.github.io/DoorBench/#/review?door=db0745_swing_single
db0746_swing_single,swing_single,goal_not_reached_before_timeout,False,False,True,True,,False,16.0,https://adamraudonis.github.io/DoorBench/#/review?door=db0746_swing_single
db0747_sliding_bypass,sliding_bypass,goal_not_reached_before_timeout,False,False,True,True,,False,16.0,https://adamraudonis.github.io/DoorBench/#/review?door=db0747_sliding_bypass
db0748_vault,vault,goal_not_reached_before_timeout,False,False,True,True,,False,16.0,https://adamraudonis.github.io/DoorBench/#/review?door=db0748_vault
db0749_swing_double,swing_double,goal_not_reached_before_timeout,False,False,True,True,,False,16.0,https://adamraudonis.github.io/DoorBench/#/review?door=db0749_swing_double
db0750_bifold,bifold,goal_not_reached_before_timeout,False,False,True,True,,False,16.0,https://adamraudonis.github.io/DoorBench/#/review?door=db0750_bifold
db0751_gate_swing,gate_swing,goal_not_reached_before_timeout,False,False,True,True,,False,16.0,https://adamraudonis.github.io/DoorBench/#/review?door=db0751_gate_swing
db0752_swing_single,swing_single,goal_not_reached_before_timeout,False,False,True,True,,False,16.0,https://adamraudonis.github.io/DoorBench/#/review?door=db0752_swing_single
db0754_rollup,rollup,goal_not_reached_before_timeout,False,False,True,True,,False,16.0,https://adamraudonis.github.io/DoorBench/#/review?door=db0754_rollup
db0755_swing_single,swing_single,goal_not_reached_before_timeout,False,False,True,True,,False,16.0,https://adamraudonis.github.io/DoorBench/#/review?door=db0755_swing_single
db0756_swing_single,swing_single,goal_not_reached_before_timeout,False,False,True,True,,False,16.0,https://adamraudonis.github.io/DoorBench/#/review?door=db0756_swing_single
db0757_sliding_single,sliding_single,goal_not_reached_before_timeout,False,False,True,True,,False,16.0,https://adamraudonis.github.io/DoorBench/#/review?door=db0757_sliding_single
db0758_garage_tiltup,garage_tiltup,goal_not_reached_before_timeout,False,False,True,False,,False,16.0,https://adamraudonis.github.io/DoorBench/#/review?door=db0758_garage_tiltup
db0759_sliding_single,sliding_single,goal_not_reached_before_timeout,False,False,True,True,,False,16.0,https://adamraudonis.github.io/DoorBench/#/review?door=db0759_sliding_single
db0760_swing_single,swing_single,goal_not_reached_before_timeout,False,False,True,True,,False,16.0,https://adamraudonis.github.io/DoorBench/#/review?door=db0760_swing_single
db0761_swing_single,swing_single,goal_not_reached_before_timeout,False,False,True,True,,False,16.0,https://adamraudonis.github.io/DoorBench/#/review?door=db0761_swing_single
db0762_swing_single,swing_single,goal_not_reached_before_timeout,False,False,True,True,,False,16.0,https://adamraudonis.github.io/DoorBench/#/review?door=db0762_swing_single
db0763_swing_single,swing_single,goal_not_reached_before_timeout,False,False,True,True,,False,16.0,https://adamraudonis.github.io/DoorBench/#/review?door=db0763_swing_single
db0764_automatic_sliding,automatic_sliding,success,True,True,True,True,,False,8.852,https://adamraudonis.github.io/DoorBench/#/review?door=db0764_automatic_sliding
db0765_gate_sliding,gate_sliding,goal_not_reached_before_timeout,False,False,True,True,,False,16.0,https://adamraudonis.github.io/DoorBench/#/review?door=db0765_gate_sliding
db0766_sliding_single,sliding_single,goal_not_reached_before_timeout,False,False,True,True,,False,16.0,https://adamraudonis.github.io/DoorBench/#/review?door=db0766_sliding_single
db0767_swing_single,swing_single,goal_not_reached_before_timeout,False,False,True,True,,False,16.0,https://adamraudonis.github.io/DoorBench/#/review?door=db0767_swing_single
db0768_swing_single,swing_single,goal_not_reached_before_timeout,False,False,True,True,,False,16.0,https://adamraudonis.github.io/DoorBench/#/review?door=db0768_swing_single
db0769_sliding_single,sliding_single,goal_not_reached_before_timeout,False,False,True,True,,False,16.0,https://adamraudonis.github.io/DoorBench/#/review?door=db0769_sliding_single
db0770_automatic_sliding,automatic_sliding,success,True,True,True,True,,False,8.856,https://adamraudonis.github.io/DoorBench/#/review?door=db0770_automatic_sliding
db0771_swing_single,swing_single,goal_not_reached_before_timeout,False,False,True,True,,False,16.0,https://adamraudonis.github.io/DoorBench/#/review?door=db0771_swing_single
db0772_blast,blast,goal_not_reached_before_timeout,False,False,True,True,,False,16.0,https://adamraudonis.github.io/DoorBench/#/review?door=db0772_blast
db0773_swing_single,swing_single,goal_not_reached_before_timeout,False,False,True,True,,False,16.0,https://adamraudonis.github.io/DoorBench/#/review?door=db0773_swing_single
db0774_bifold,bifold,goal_not_reached_before_timeout,False,False,True,True,,False,16.0,https://adamraudonis.github.io/DoorBench/#/review?door=db0774_bifold
db0775_swing_single,swing_single,goal_not_reached_before_timeout,False,False,True,True,,False,16.0,https://adamraudonis.github.io/DoorBench/#/review?door=db0775_swing_single
db0776_gate_swing,gate_swing,goal_not_reached_before_timeout,False,False,True,True,,False,16.0,https://adamraudonis.github.io/DoorBench/#/review?door=db0776_gate_swing
db0777_revolving,revolving,goal_not_reached_before_timeout,False,False,True,True,,False,16.0,https://adamraudonis.github.io/DoorBench/#/review?door=db0777_revolving
db0778_swing_single,swing_single,goal_not_reached_before_timeout,False,False,True,True,,False,16.0,https://adamraudonis.github.io/DoorBench/#/review?door=db0778_swing_single
db0779_revolving,revolving,goal_not_reached_before_timeout,False,False,True,True,,False,16.0,https://adamraudonis.github.io/DoorBench/#/review?door=db0779_revolving
db0780_garage_sectional,garage_sectional,goal_not_reached_before_timeout,False,False,True,False,,False,16.0,https://adamraudonis.github.io/DoorBench/#/review?door=db0780_garage_sectional
db0781_swing_single,swing_single,goal_not_reached_before_timeout,False,False,True,True,,False,16.0,https://adamraudonis.github.io/DoorBench/#/review?door=db0781_swing_single
db0782_swing_single,swing_single,goal_not_reached_before_timeout,False,False,True,True,,False,16.0,https://adamraudonis.github.io/DoorBench/#/review?door=db0782_swing_single
db0783_swing_single,swing_single,goal_not_reached_before_timeout,False,False,True,True,,False,16.0,https://adamraudonis.github.io/DoorBench/#/review?door=db0783_swing_single
db0784_gate_swing,gate_swing,goal_not_reached_before_timeout,False,False,True,True,,False,16.0,https://adamraudonis.github.io/DoorBench/#/review?door=db0784_gate_swing
db0785_swing_single,swing_single,goal_not_reached_before_timeout,False,False,True,True,,False,16.0,https://adamraudonis.github.io/DoorBench/#/review?door=db0785_swing_single
db0786_sliding_single,sliding_single,goal_not_reached_before_timeout,False,False,True,True,,False,16.0,https://adamraudonis.github.io/DoorBench/#/review?door=db0786_sliding_single
db0787_swing_double,swing_double,goal_not_reached_before_timeout,False,False,True,True,,False,16.0,https://adamraudonis.github.io/DoorBench/#/review?door=db0787_swing_double
db0788_swing_double,swing_double,goal_not_reached_before_timeout,False,False,True,True,,False,16.0,https://adamraudonis.github.io/DoorBench/#/review?door=db0788_swing_double
db0789_swing_single,swing_single,goal_not_reached_before_timeout,False,False,True,True,,False,16.0,https://adamraudonis.github.io/DoorBench/#/review?door=db0789_swing_single
db0790_swing_single,swing_single,goal_not_reached_before_timeout,False,False,True,True,,False,16.0,https://adamraudonis.github.io/DoorBench/#/review?door=db0790_swing_single
db0791_swing_single,swing_single,robot_fell,False,False,True,True,,False,8.24,https://adamraudonis.github.io/DoorBench/#/review?door=db0791_swing_single
db0792_swing_double,swing_double,robot_fell,False,False,True,True,,False,13.932,https://adamraudonis.github.io/DoorBench/#/review?door=db0792_swing_double
db0793_swing_single,swing_single,goal_not_reached_before_timeout,False,False,True,True,,False,16.0,https://adamraudonis.github.io/DoorBench/#/review?door=db0793_swing_single
db0794_swing_single,swing_single,goal_not_reached_before_timeout,False,False,True,True,,False,16.0,https://adamraudonis.github.io/DoorBench/#/review?door=db0794_swing_single
db0795_swing_single,swing_single,goal_not_reached_before_timeout,False,False,True,True,,False,16.0,https://adamraudonis.github.io/DoorBench/#/review?door=db0795_swing_single
db0796_swing_double,swing_double,goal_not_reached_before_timeout,False,False,True,True,,False,16.0,https://adamraudonis.github.io/DoorBench/#/review?door=db0796_swing_double
db0797_swing_single,swing_single,goal_not_reached_before_timeout,False,False,True,True,,False,16.0,https://adamraudonis.github.io/DoorBench/#/review?door=db0797_swing_single
db0798_swing_single,swing_single,goal_not_reached_before_timeout,False,False,True,True,,False,16.0,https://adamraudonis.github.io/DoorBench/#/review?door=db0798_swing_single
db0799_swing_single,swing_single,goal_not_reached_before_timeout,False,False,True,True,,False,16.0,https://adamraudonis.github.io/DoorBench/#/review?door=db0799_swing_single
db0800_swing_single,swing_single,goal_not_reached_before_timeout,False,False,True,True,,False,16.0,https://adamraudonis.github.io/DoorBench/#/review?door=db0800_swing_single
db0801_automatic_sliding,automatic_sliding,goal_not_reached_before_timeout,False,False,True,True,,False,16.0,https://adamraudonis.github.io/DoorBench/#/review?door=db0801_automatic_sliding
db0802_swing_single,swing_single,goal_not_reached_before_timeout,False,False,True,True,,False,16.0,https://adamraudonis.github.io/DoorBench/#/review?door=db0802_swing_single
db0803_swing_single,swing_single,goal_not_reached_before_timeout,False,False,True,True,,False,16.0,https://adamraudonis.github.io/DoorBench/#/review?door=db0803_swing_single
db0804_sliding_single,sliding_single,goal_not_reached_before_timeout,False,False,True,True,,False,16.0,https://adamraudonis.github.io/DoorBench/#/review?door=db0804_sliding_single
db0806_garage_sectional,garage_sectional,goal_not_reached_before_timeout,False,False,True,False,,False,16.0,https://adamraudonis.github.io/DoorBench/#/review?door=db0806_garage_sectional
db0807_swing_double,swing_double,goal_not_reached_before_timeout,False,False,True,True,,False,16.0,https://adamraudonis.github.io/DoorBench/#/review?door=db0807_swing_double
db0808_swing_single,swing_single,goal_not_reached_before_timeout,False,False,True,True,,False,16.0,https://adamraudonis.github.io/DoorBench/#/review?door=db0808_swing_single
db0809_swing_single,swing_single,goal_not_reached_before_timeout,False,False,True,True,,False,16.0,https://adamraudonis.github.io/DoorBench/#/review?door=db0809_swing_single
db0810_sliding_single,sliding_single,goal_not_reached_before_timeout,False,False,True,True,,False,16.0,https://adamraudonis.github.io/DoorBench/#/review?door=db0810_sliding_single
db0811_elevator,elevator,goal_not_reached_before_timeout,False,False,True,True,,False,16.0,https://adamraudonis.github.io/DoorBench/#/review?door=db0811_elevator
db0812_swing_single,swing_single,goal_not_reached_before_timeout,False,False,True,True,,False,16.0,https://adamraudonis.github.io/DoorBench/#/review?door=db0812_swing_single
db0813_swing_single,swing_single,goal_not_reached_before_timeout,False,False,True,True,,False,16.0,https://adamraudonis.github.io/DoorBench/#/review?door=db0813_swing_single
db0814_swing_single,swing_single,goal_not_reached_before_timeout,False,False,True,True,,False,16.0,https://adamraudonis.github.io/DoorBench/#/review?door=db0814_swing_single
db0815_swing_single,swing_single,goal_not_reached_before_timeout,False,False,True,True,,False,16.0,https://adamraudonis.github.io/DoorBench/#/review?door=db0815_swing_single
db0816_swing_single,swing_single,goal_not_reached_before_timeout,False,False,True,True,,False,16.0,https://adamraudonis.github.io/DoorBench/#/review?door=db0816_swing_single
db0817_pivot,pivot,goal_not_reached_before_timeout,False,False,True,True,,False,16.0,https://adamraudonis.github.io/DoorBench/#/review?door=db0817_pivot
db0818_saloon,saloon,goal_without_valid_crossing,False,True,True,True,,False,9.82,https://adamraudonis.github.io/DoorBench/#/review?door=db0818_saloon
db0819_swing_single,swing_single,goal_not_reached_before_timeout,False,False,True,True,,False,16.0,https://adamraudonis.github.io/DoorBench/#/review?door=db0819_swing_single
db0820_swing_single,swing_single,goal_not_reached_before_timeout,False,False,True,True,,False,16.0,https://adamraudonis.github.io/DoorBench/#/review?door=db0820_swing_single
db0821_swing_single,swing_single,goal_not_reached_before_timeout,False,False,True,True,,False,16.0,https://adamraudonis.github.io/DoorBench/#/review?door=db0821_swing_single
db0822_revolving,revolving,success,True,True,True,True,,False,15.31,https://adamraudonis.github.io/DoorBench/#/review?door=db0822_revolving
db0823_swing_single,swing_single,goal_not_reached_before_timeout,False,False,True,True,,False,16.0,https://adamraudonis.github.io/DoorBench/#/review?door=db0823_swing_single
db0824_swing_single,swing_single,goal_not_reached_before_timeout,False,False,True,True,,False,16.0,https://adamraudonis.github.io/DoorBench/#/review?door=db0824_swing_single
db0825_swing_single,swing_single,goal_not_reached_before_timeout,False,False,True,True,,False,16.0,https://adamraudonis.github.io/DoorBench/#/review?door=db0825_swing_single
db0826_swing_single,swing_single,goal_not_reached_before_timeout,False,False,True,True,,False,16.0,https://adamraudonis.github.io/DoorBench/#/review?door=db0826_swing_single
db0827_swing_single,swing_single,goal_not_reached_before_timeout,False,False,True,True,,False,16.0,https://adamraudonis.github.io/DoorBench/#/review?door=db0827_swing_single
db0828_swing_single,swing_single,goal_not_reached_before_timeout,False,False,True,True,,False,16.0,https://adamraudonis.github.io/DoorBench/#/review?door=db0828_swing_single
db0829_garage_sectional,garage_sectional,goal_not_reached_before_timeout,False,False,True,False,,False,16.0,https://adamraudonis.github.io/DoorBench/#/review?door=db0829_garage_sectional
db0830_accordion,accordion,goal_not_reached_before_timeout,False,False,True,True,,False,16.0,https://adamraudonis.github.io/DoorBench/#/review?door=db0830_accordion
db0831_swing_single,swing_single,goal_not_reached_before_timeout,False,False,True,True,,False,16.0,https://adamraudonis.github.io/DoorBench/#/review?door=db0831_swing_single
db0832_swing_double,swing_double,goal_not_reached_before_timeout,False,False,True,True,,False,16.0,https://adamraudonis.github.io/DoorBench/#/review?door=db0832_swing_double
db0833_swing_double,swing_double,goal_not_reached_before_timeout,False,False,True,True,,False,16.0,https://adamraudonis.github.io/DoorBench/#/review?door=db0833_swing_double
db0834_hatch_ceiling,hatch_ceiling,not_upright_doorway,False,True,False,True,,False,9.116,https://adamraudonis.github.io/DoorBench/#/review?door=db0834_hatch_ceiling
db0835_swing_single,swing_single,goal_not_reached_before_timeout,False,False,True,True,,False,16.0,https://adamraudonis.github.io/DoorBench/#/review?door=db0835_swing_single
db0836_swing_single,swing_single,goal_not_reached_before_timeout,False,False,True,True,,True,16.0,https://adamraudonis.github.io/DoorBench/#/review?door=db0836_swing_single
db0837_swing_single,swing_single,goal_not_reached_before_timeout,False,False,True,True,,False,16.0,https://adamraudonis.github.io/DoorBench/#/review?door=db0837_swing_single
db0838_swing_single,swing_single,goal_not_reached_before_timeout,False,False,True,True,,False,16.0,https://adamraudonis.github.io/DoorBench/#/review?door=db0838_swing_single
db0839_garage_sectional,garage_sectional,goal_not_reached_before_timeout,False,False,True,False,,False,16.0,https://adamraudonis.github.io/DoorBench/#/review?door=db0839_garage_sectional
db0840_revolving,revolving,goal_not_reached_before_timeout,False,False,True,True,,False,16.0,https://adamraudonis.github.io/DoorBench/#/review?door=db0840_revolving
db0841_swing_double,swing_double,goal_not_reached_before_timeout,False,False,True,True,,False,16.0,https://adamraudonis.github.io/DoorBench/#/review?door=db0841_swing_double
db0842_swing_single,swing_single,goal_not_reached_before_timeout,False,False,True,True,,False,16.0,https://adamraudonis.github.io/DoorBench/#/review?door=db0842_swing_single
db0843_swing_single,swing_single,goal_not_reached_before_timeout,False,False,True,True,,False,16.0,https://adamraudonis.github.io/DoorBench/#/review?door=db0843_swing_single
db0844_baby_gate,baby_gate,goal_without_valid_crossing,False,True,True,True,,False,12.682,https://adamraudonis.github.io/DoorBench/#/review?door=db0844_baby_gate
db0845_swing_single,swing_single,goal_not_reached_before_timeout,False,False,True,True,,False,16.0,https://adamraudonis.github.io/DoorBench/#/review?door=db0845_swing_single
db0846_swing_double,swing_double,goal_not_reached_before_timeout,False,False,True,True,,False,16.0,https://adamraudonis.github.io/DoorBench/#/review?door=db0846_swing_double
db0847_dutch,dutch,goal_not_reached_before_timeout,False,False,True,True,,False,16.0,https://adamraudonis.github.io/DoorBench/#/review?door=db0847_dutch
db0848_swing_single,swing_single,goal_not_reached_before_timeout,False,False,True,True,,False,16.0,https://adamraudonis.github.io/DoorBench/#/review?door=db0848_swing_single
db0849_swing_single,swing_single,goal_not_reached_before_timeout,False,False,True,True,,False,16.0,https://adamraudonis.github.io/DoorBench/#/review?door=db0849_swing_single
db0850_swing_single,swing_single,goal_not_reached_before_timeout,False,False,True,True,,False,16.0,https://adamraudonis.github.io/DoorBench/#/review?door=db0850_swing_single
db0851_gate_swing,gate_swing,goal_not_reached_before_timeout,False,False,True,True,,False,16.0,https://adamraudonis.github.io/DoorBench/#/review?door=db0851_gate_swing
db0852_cold_storage,cold_storage,goal_not_reached_before_timeout,False,False,True,True,,False,16.0,https://adamraudonis.github.io/DoorBench/#/review?door=db0852_cold_storage
db0853_baby_gate,baby_gate,goal_not_reached_before_timeout,False,False,True,True,,False,16.0,https://adamraudonis.github.io/DoorBench/#/review?door=db0853_baby_gate
db0854_gate_swing,gate_swing,success,True,True,True,True,,False,9.996,https://adamraudonis.github.io/DoorBench/#/review?door=db0854_gate_swing
db0855_swing_single,swing_single,goal_not_reached_before_timeout,False,False,True,True,,False,16.0,https://adamraudonis.github.io/DoorBench/#/review?door=db0855_swing_single
db0856_swing_single,swing_single,goal_not_reached_before_timeout,False,False,True,True,,False,16.0,https://adamraudonis.github.io/DoorBench/#/review?door=db0856_swing_single
db0857_swing_single,swing_single,goal_not_reached_before_timeout,False,False,True,True,,False,16.0,https://adamraudonis.github.io/DoorBench/#/review?door=db0857_swing_single
db0858_stall,stall,goal_not_reached_before_timeout,False,False,True,True,,False,16.0,https://adamraudonis.github.io/DoorBench/#/review?door=db0858_stall
db0859_gate_swing,gate_swing,goal_not_reached_before_timeout,False,False,True,True,,False,16.0,https://adamraudonis.github.io/DoorBench/#/review?door=db0859_gate_swing
db0860_elevator,elevator,goal_not_reached_before_timeout,False,False,True,True,,False,16.0,https://adamraudonis.github.io/DoorBench/#/review?door=db0860_elevator
db0861_swing_single,swing_single,goal_not_reached_before_timeout,False,False,True,True,,False,16.0,https://adamraudonis.github.io/DoorBench/#/review?door=db0861_swing_single
db0862_swing_single,swing_single,goal_not_reached_before_timeout,False,False,True,True,,False,16.0,https://adamraudonis.github.io/DoorBench/#/review?door=db0862_swing_single
db0863_automatic_sliding,automatic_sliding,goal_not_reached_before_timeout,False,False,True,True,,False,16.0,https://adamraudonis.github.io/DoorBench/#/review?door=db0863_automatic_sliding
db0865_cold_storage,cold_storage,goal_without_valid_crossing,False,True,True,True,,False,8.552,https://adamraudonis.github.io/DoorBench/#/review?door=db0865_cold_storage
db0866_swing_single,swing_single,goal_not_reached_before_timeout,False,False,True,True,,False,16.0,https://adamraudonis.github.io/DoorBench/#/review?door=db0866_swing_single
db0867_sliding_single,sliding_single,goal_not_reached_before_timeout,False,False,True,True,,False,16.0,https://adamraudonis.github.io/DoorBench/#/review?door=db0867_sliding_single
db0868_swing_single,swing_single,goal_not_reached_before_timeout,False,False,True,True,,False,16.0,https://adamraudonis.github.io/DoorBench/#/review?door=db0868_swing_single
db0869_swing_single,swing_single,goal_not_reached_before_timeout,False,False,True,True,,False,16.0,https://adamraudonis.github.io/DoorBench/#/review?door=db0869_swing_single
db0870_turnstile_tripod,turnstile_tripod,robot_fell,False,False,True,True,,False,13.346,https://adamraudonis.github.io/DoorBench/#/review?door=db0870_turnstile_tripod
db0871_swing_double,swing_double,goal_not_reached_before_timeout,False,False,True,True,,False,16.0,https://adamraudonis.github.io/DoorBench/#/review?door=db0871_swing_double
db0872_swing_single,swing_single,native_error,False,False,True,True,nonfinite_native_state,True,0.044,https://adamraudonis.github.io/DoorBench/#/review?door=db0872_swing_single
db0873_rollup,rollup,goal_not_reached_before_timeout,False,False,True,True,,False,16.0,https://adamraudonis.github.io/DoorBench/#/review?door=db0873_rollup
db0874_swing_single,swing_single,goal_not_reached_before_timeout,False,False,True,True,,False,16.0,https://adamraudonis.github.io/DoorBench/#/review?door=db0874_swing_single
db0875_sliding_single,sliding_single,goal_not_reached_before_timeout,False,False,True,True,,False,16.0,https://adamraudonis.github.io/DoorBench/#/review?door=db0875_sliding_single
db0876_swing_single,swing_single,robot_fell,False,False,True,True,,False,11.808,https://adamraudonis.github.io/DoorBench/#/review?door=db0876_swing_single
db0877_gate_swing,gate_swing,goal_not_reached_before_timeout,False,False,True,True,,False,16.0,https://adamraudonis.github.io/DoorBench/#/review?door=db0877_gate_swing
db0878_swing_single,swing_single,goal_not_reached_before_timeout,False,False,True,True,,False,16.0,https://adamraudonis.github.io/DoorBench/#/review?door=db0878_swing_single
db0879_swing_single,swing_single,goal_not_reached_before_timeout,False,False,True,True,,False,16.0,https://adamraudonis.github.io/DoorBench/#/review?door=db0879_swing_single
db0880_turnstile_fullheight,turnstile_fullheight,goal_not_reached_before_timeout,False,False,True,True,,False,16.0,https://adamraudonis.github.io/DoorBench/#/review?door=db0880_turnstile_fullheight
db0881_swing_single,swing_single,goal_not_reached_before_timeout,False,False,True,True,,False,16.0,https://adamraudonis.github.io/DoorBench/#/review?door=db0881_swing_single
db0882_swing_single,swing_single,goal_not_reached_before_timeout,False,False,True,True,,False,16.0,https://adamraudonis.github.io/DoorBench/#/review?door=db0882_swing_single
db0883_swing_single,swing_single,goal_not_reached_before_timeout,False,False,True,True,,False,16.0,https://adamraudonis.github.io/DoorBench/#/review?door=db0883_swing_single
db0884_swing_single,swing_single,goal_not_reached_before_timeout,False,False,True,True,,False,16.0,https://adamraudonis.github.io/DoorBench/#/review?door=db0884_swing_single
db0885_swing_single,swing_single,goal_not_reached_before_timeout,False,False,True,True,,False,16.0,https://adamraudonis.github.io/DoorBench/#/review?door=db0885_swing_single
db0886_swing_single,swing_single,goal_not_reached_before_timeout,False,False,True,True,,False,16.0,https://adamraudonis.github.io/DoorBench/#/review?door=db0886_swing_single
db0887_revolving,revolving,goal_not_reached_before_timeout,False,False,True,True,,False,16.0,https://adamraudonis.github.io/DoorBench/#/review?door=db0887_revolving
db0888_rollup,rollup,goal_not_reached_before_timeout,False,False,True,True,,False,16.0,https://adamraudonis.github.io/DoorBench/#/review?door=db0888_rollup
db0889_swing_single,swing_single,goal_not_reached_before_timeout,False,False,True,True,,False,16.0,https://adamraudonis.github.io/DoorBench/#/review?door=db0889_swing_single
db0890_elevator,elevator,goal_not_reached_before_timeout,False,False,True,True,,False,16.0,https://adamraudonis.github.io/DoorBench/#/review?door=db0890_elevator
db0891_swing_single,swing_single,goal_not_reached_before_timeout,False,False,True,True,,False,16.0,https://adamraudonis.github.io/DoorBench/#/review?door=db0891_swing_single
db0893_sliding_single,sliding_single,goal_not_reached_before_timeout,False,False,True,True,,False,16.0,https://adamraudonis.github.io/DoorBench/#/review?door=db0893_sliding_single
db0894_cold_storage,cold_storage,robot_fell,False,False,True,True,,False,13.63,https://adamraudonis.github.io/DoorBench/#/review?door=db0894_cold_storage
db0895_swing_double,swing_double,goal_not_reached_before_timeout,False,False,True,True,,False,16.0,https://adamraudonis.github.io/DoorBench/#/review?door=db0895_swing_double
db0896_turnstile_tripod,turnstile_tripod,goal_not_reached_before_timeout,False,False,True,True,,False,16.0,https://adamraudonis.github.io/DoorBench/#/review?door=db0896_turnstile_tripod
db0897_swing_single,swing_single,goal_not_reached_before_timeout,False,False,True,True,,False,16.0,https://adamraudonis.github.io/DoorBench/#/review?door=db0897_swing_single
db0898_ship_watertight,ship_watertight,goal_not_reached_before_timeout,False,False,True,True,,False,16.0,https://adamraudonis.github.io/DoorBench/#/review?door=db0898_ship_watertight
db0899_saloon,saloon,success,True,True,True,True,,False,9.182,https://adamraudonis.github.io/DoorBench/#/review?door=db0899_saloon
db0900_sliding_bypass,sliding_bypass,goal_not_reached_before_timeout,False,False,True,True,,False,16.0,https://adamraudonis.github.io/DoorBench/#/review?door=db0900_sliding_bypass
db0902_pivot,pivot,goal_not_reached_before_timeout,False,False,True,True,,False,16.0,https://adamraudonis.github.io/DoorBench/#/review?door=db0902_pivot
db0903_sliding_single,sliding_single,goal_not_reached_before_timeout,False,False,True,True,,False,16.0,https://adamraudonis.github.io/DoorBench/#/review?door=db0903_sliding_single
db0904_swing_single,swing_single,goal_not_reached_before_timeout,False,False,True,True,,False,16.0,https://adamraudonis.github.io/DoorBench/#/review?door=db0904_swing_single
db0905_swing_single,swing_single,goal_not_reached_before_timeout,False,False,True,True,,False,16.0,https://adamraudonis.github.io/DoorBench/#/review?door=db0905_swing_single
db0906_dutch,dutch,goal_not_reached_before_timeout,False,False,True,True,,False,16.0,https://adamraudonis.github.io/DoorBench/#/review?door=db0906_dutch
db0907_swing_single,swing_single,goal_not_reached_before_timeout,False,False,True,True,,False,16.0,https://adamraudonis.github.io/DoorBench/#/review?door=db0907_swing_single
db0908_swing_single,swing_single,goal_not_reached_before_timeout,False,False,True,True,,False,16.0,https://adamraudonis.github.io/DoorBench/#/review?door=db0908_swing_single
db0909_swing_single,swing_single,goal_not_reached_before_timeout,False,False,True,True,,False,16.0,https://adamraudonis.github.io/DoorBench/#/review?door=db0909_swing_single
db0910_sliding_single,sliding_single,goal_not_reached_before_timeout,False,False,True,True,,False,16.0,https://adamraudonis.github.io/DoorBench/#/review?door=db0910_sliding_single
db0911_ship_watertight,ship_watertight,goal_not_reached_before_timeout,False,False,True,True,,False,16.0,https://adamraudonis.github.io/DoorBench/#/review?door=db0911_ship_watertight
db0912_swing_single,swing_single,goal_not_reached_before_timeout,False,False,True,True,,False,16.0,https://adamraudonis.github.io/DoorBench/#/review?door=db0912_swing_single
db0913_vault,vault,goal_not_reached_before_timeout,False,False,True,True,,False,16.0,https://adamraudonis.github.io/DoorBench/#/review?door=db0913_vault
db0914_swing_single,swing_single,goal_not_reached_before_timeout,False,False,True,True,,False,16.0,https://adamraudonis.github.io/DoorBench/#/review?door=db0914_swing_single
db0915_sliding_single,sliding_single,goal_not_reached_before_timeout,False,False,True,True,,False,16.0,https://adamraudonis.github.io/DoorBench/#/review?door=db0915_sliding_single
db0916_sliding_single,sliding_single,goal_not_reached_before_timeout,False,False,True,True,,False,16.0,https://adamraudonis.github.io/DoorBench/#/review?door=db0916_sliding_single
db0917_swing_single,swing_single,goal_not_reached_before_timeout,False,False,True,True,,False,16.0,https://adamraudonis.github.io/DoorBench/#/review?door=db0917_swing_single
db0918_swing_double,swing_double,success,True,True,True,True,,False,9.204,https://adamraudonis.github.io/DoorBench/#/review?door=db0918_swing_double
db0919_swing_single,swing_single,goal_not_reached_before_timeout,False,False,True,True,,False,16.0,https://adamraudonis.github.io/DoorBench/#/review?door=db0919_swing_single
db0920_sliding_single,sliding_single,goal_not_reached_before_timeout,False,False,True,True,,False,16.0,https://adamraudonis.github.io/DoorBench/#/review?door=db0920_sliding_single
db0921_vault,vault,goal_not_reached_before_timeout,False,False,True,True,,False,16.0,https://adamraudonis.github.io/DoorBench/#/review?door=db0921_vault
db0922_swing_single,swing_single,goal_not_reached_before_timeout,False,False,True,True,,False,16.0,https://adamraudonis.github.io/DoorBench/#/review?door=db0922_swing_single
db0923_swing_single,swing_single,goal_not_reached_before_timeout,False,False,True,True,,False,16.0,https://adamraudonis.github.io/DoorBench/#/review?door=db0923_swing_single
db0924_saloon,saloon,goal_not_reached_before_timeout,False,False,True,True,,False,16.0,https://adamraudonis.github.io/DoorBench/#/review?door=db0924_saloon
db0925_swing_single,swing_single,goal_not_reached_before_timeout,False,False,True,True,,False,16.0,https://adamraudonis.github.io/DoorBench/#/review?door=db0925_swing_single
db0926_gate_swing,gate_swing,goal_not_reached_before_timeout,False,False,True,True,,False,16.0,https://adamraudonis.github.io/DoorBench/#/review?door=db0926_gate_swing
db0927_accordion,accordion,goal_not_reached_before_timeout,False,False,True,True,,False,16.0,https://adamraudonis.github.io/DoorBench/#/review?door=db0927_accordion
db0928_sliding_bypass,sliding_bypass,goal_not_reached_before_timeout,False,False,True,True,,False,16.0,https://adamraudonis.github.io/DoorBench/#/review?door=db0928_sliding_bypass
db0929_swing_double,swing_double,goal_not_reached_before_timeout,False,False,True,True,,False,16.0,https://adamraudonis.github.io/DoorBench/#/review?door=db0929_swing_double
db0930_sliding_single,sliding_single,goal_not_reached_before_timeout,False,False,True,True,,False,16.0,https://adamraudonis.github.io/DoorBench/#/review?door=db0930_sliding_single
db0931_gate_swing,gate_swing,goal_not_reached_before_timeout,False,False,True,True,,False,16.0,https://adamraudonis.github.io/DoorBench/#/review?door=db0931_gate_swing
db0932_revolving,revolving,success,True,True,True,True,,False,14.198,https://adamraudonis.github.io/DoorBench/#/review?door=db0932_revolving
db0933_bifold,bifold,goal_not_reached_before_timeout,False,False,True,True,,False,16.0,https://adamraudonis.github.io/DoorBench/#/review?door=db0933_bifold
db0934_swing_single,swing_single,goal_not_reached_before_timeout,False,False,True,True,,False,16.0,https://adamraudonis.github.io/DoorBench/#/review?door=db0934_swing_single
db0935_gate_sliding,gate_sliding,goal_not_reached_before_timeout,False,False,True,True,,False,16.0,https://adamraudonis.github.io/DoorBench/#/review?door=db0935_gate_sliding
db0936_swing_single,swing_single,goal_not_reached_before_timeout,False,False,True,True,,False,16.0,https://adamraudonis.github.io/DoorBench/#/review?door=db0936_swing_single
db0937_cold_storage,cold_storage,goal_not_reached_before_timeout,False,False,True,True,,False,16.0,https://adamraudonis.github.io/DoorBench/#/review?door=db0937_cold_storage
db0938_swing_single,swing_single,goal_not_reached_before_timeout,False,False,True,True,,False,16.0,https://adamraudonis.github.io/DoorBench/#/review?door=db0938_swing_single
db0939_automatic_swing,automatic_swing,goal_not_reached_before_timeout,False,False,True,True,,False,16.0,https://adamraudonis.github.io/DoorBench/#/review?door=db0939_automatic_swing
db0940_swing_single,swing_single,goal_not_reached_before_timeout,False,False,True,True,,False,16.0,https://adamraudonis.github.io/DoorBench/#/review?door=db0940_swing_single
db0941_swing_double,swing_double,goal_not_reached_before_timeout,False,False,True,True,,False,16.0,https://adamraudonis.github.io/DoorBench/#/review?door=db0941_swing_double
db0942_gate_swing,gate_swing,goal_not_reached_before_timeout,False,False,True,True,,False,16.0,https://adamraudonis.github.io/DoorBench/#/review?door=db0942_gate_swing
db0943_stall,stall,goal_not_reached_before_timeout,False,False,True,True,,False,16.0,https://adamraudonis.github.io/DoorBench/#/review?door=db0943_stall
db0944_swing_double,swing_double,robot_fell,False,False,True,True,,False,5.164,https://adamraudonis.github.io/DoorBench/#/review?door=db0944_swing_double
db0945_sliding_single,sliding_single,goal_not_reached_before_timeout,False,False,True,True,,False,16.0,https://adamraudonis.github.io/DoorBench/#/review?door=db0945_sliding_single
db0946_turnstile_tripod,turnstile_tripod,robot_fell,False,False,True,True,,False,9.462,https://adamraudonis.github.io/DoorBench/#/review?door=db0946_turnstile_tripod
db0947_pivot,pivot,goal_not_reached_before_timeout,False,False,True,True,,False,16.0,https://adamraudonis.github.io/DoorBench/#/review?door=db0947_pivot
db0948_swing_single,swing_single,goal_not_reached_before_timeout,False,False,True,True,,False,16.0,https://adamraudonis.github.io/DoorBench/#/review?door=db0948_swing_single
db0949_swing_single,swing_single,goal_not_reached_before_timeout,False,False,True,True,,False,16.0,https://adamraudonis.github.io/DoorBench/#/review?door=db0949_swing_single
db0950_sliding_single,sliding_single,goal_not_reached_before_timeout,False,False,True,True,,False,16.0,https://adamraudonis.github.io/DoorBench/#/review?door=db0950_sliding_single
db0952_accordion,accordion,goal_not_reached_before_timeout,False,False,True,True,,False,16.0,https://adamraudonis.github.io/DoorBench/#/review?door=db0952_accordion
db0953_swing_single,swing_single,goal_not_reached_before_timeout,False,False,True,True,,False,16.0,https://adamraudonis.github.io/DoorBench/#/review?door=db0953_swing_single
db0954_swing_single,swing_single,goal_not_reached_before_timeout,False,False,True,True,,False,16.0,https://adamraudonis.github.io/DoorBench/#/review?door=db0954_swing_single
db0955_swing_single,swing_single,robot_fell,False,False,True,True,,False,5.188,https://adamraudonis.github.io/DoorBench/#/review?door=db0955_swing_single
db0956_swing_single,swing_single,goal_not_reached_before_timeout,False,False,True,True,,False,16.0,https://adamraudonis.github.io/DoorBench/#/review?door=db0956_swing_single
db0957_swing_single,swing_single,goal_not_reached_before_timeout,False,False,True,True,,False,16.0,https://adamraudonis.github.io/DoorBench/#/review?door=db0957_swing_single
db0958_revolving,revolving,success,True,True,True,True,,False,13.688,https://adamraudonis.github.io/DoorBench/#/review?door=db0958_revolving
db0959_swing_single,swing_single,goal_not_reached_before_timeout,False,False,True,True,,False,16.0,https://adamraudonis.github.io/DoorBench/#/review?door=db0959_swing_single
db0960_blast,blast,goal_not_reached_before_timeout,False,False,True,True,,False,16.0,https://adamraudonis.github.io/DoorBench/#/review?door=db0960_blast
db0961_sliding_single,sliding_single,goal_not_reached_before_timeout,False,False,True,True,,False,16.0,https://adamraudonis.github.io/DoorBench/#/review?door=db0961_sliding_single
db0962_elevator,elevator,goal_not_reached_before_timeout,False,False,True,True,,False,16.0,https://adamraudonis.github.io/DoorBench/#/review?door=db0962_elevator
db0963_swing_double,swing_double,goal_not_reached_before_timeout,False,False,True,True,,False,16.0,https://adamraudonis.github.io/DoorBench/#/review?door=db0963_swing_double
db0964_garage_sectional,garage_sectional,goal_not_reached_before_timeout,False,False,True,False,,False,16.0,https://adamraudonis.github.io/DoorBench/#/review?door=db0964_garage_sectional
db0965_swing_single,swing_single,goal_not_reached_before_timeout,False,False,True,True,,False,16.0,https://adamraudonis.github.io/DoorBench/#/review?door=db0965_swing_single
db0966_sliding_single,sliding_single,goal_not_reached_before_timeout,False,False,True,True,,False,16.0,https://adamraudonis.github.io/DoorBench/#/review?door=db0966_sliding_single
db0967_sliding_bypass,sliding_bypass,goal_not_reached_before_timeout,False,False,True,True,,False,16.0,https://adamraudonis.github.io/DoorBench/#/review?door=db0967_sliding_bypass
db0968_swing_single,swing_single,goal_not_reached_before_timeout,False,False,True,True,,False,16.0,https://adamraudonis.github.io/DoorBench/#/review?door=db0968_swing_single
db0969_pivot,pivot,goal_not_reached_before_timeout,False,False,True,True,,False,16.0,https://adamraudonis.github.io/DoorBench/#/review?door=db0969_pivot
db0970_sliding_single,sliding_single,goal_not_reached_before_timeout,False,False,True,True,,False,16.0,https://adamraudonis.github.io/DoorBench/#/review?door=db0970_sliding_single
db0971_swing_single,swing_single,goal_not_reached_before_timeout,False,False,True,True,,False,16.0,https://adamraudonis.github.io/DoorBench/#/review?door=db0971_swing_single
db0972_swing_single,swing_single,goal_not_reached_before_timeout,False,False,True,True,,False,16.0,https://adamraudonis.github.io/DoorBench/#/review?door=db0972_swing_single
db0973_swing_single,swing_single,goal_not_reached_before_timeout,False,False,True,True,,False,16.0,https://adamraudonis.github.io/DoorBench/#/review?door=db0973_swing_single
db0974_dutch,dutch,goal_not_reached_before_timeout,False,False,True,True,,False,16.0,https://adamraudonis.github.io/DoorBench/#/review?door=db0974_dutch
db0975_swing_single,swing_single,goal_not_reached_before_timeout,False,False,True,True,,False,16.0,https://adamraudonis.github.io/DoorBench/#/review?door=db0975_swing_single
db0976_hatch_floor,hatch_floor,not_upright_doorway,False,False,False,True,,False,16.0,https://adamraudonis.github.io/DoorBench/#/review?door=db0976_hatch_floor
db0977_swing_single,swing_single,goal_not_reached_before_timeout,False,False,True,True,,False,16.0,https://adamraudonis.github.io/DoorBench/#/review?door=db0977_swing_single
db0979_swing_single,swing_single,goal_not_reached_before_timeout,False,False,True,True,,False,16.0,https://adamraudonis.github.io/DoorBench/#/review?door=db0979_swing_single
db0980_sliding_single,sliding_single,goal_not_reached_before_timeout,False,False,True,True,,False,16.0,https://adamraudonis.github.io/DoorBench/#/review?door=db0980_sliding_single
db0981_accordion,accordion,goal_not_reached_before_timeout,False,False,True,True,,False,16.0,https://adamraudonis.github.io/DoorBench/#/review?door=db0981_accordion
db0982_sliding_single,sliding_single,goal_not_reached_before_timeout,False,False,True,True,,False,16.0,https://adamraudonis.github.io/DoorBench/#/review?door=db0982_sliding_single
db0983_rollup,rollup,goal_not_reached_before_timeout,False,False,True,True,,False,16.0,https://adamraudonis.github.io/DoorBench/#/review?door=db0983_rollup
db0984_swing_single,swing_single,goal_not_reached_before_timeout,False,False,True,True,,False,16.0,https://adamraudonis.github.io/DoorBench/#/review?door=db0984_swing_single
db0985_gate_swing,gate_swing,goal_not_reached_before_timeout,False,False,True,True,,False,16.0,https://adamraudonis.github.io/DoorBench/#/review?door=db0985_gate_swing
db0986_swing_single,swing_single,goal_not_reached_before_timeout,False,False,True,True,,False,16.0,https://adamraudonis.github.io/DoorBench/#/review?door=db0986_swing_single
db0987_hatch_ceiling,hatch_ceiling,not_upright_doorway,False,True,False,True,,False,9.716000000000001,https://adamraudonis.github.io/DoorBench/#/review?door=db0987_hatch_ceiling
db0988_swing_single,swing_single,native_error,False,False,True,True,nonfinite_native_state,True,0.168,https://adamraudonis.github.io/DoorBench/#/review?door=db0988_swing_single
db0989_gate_swing,gate_swing,goal_not_reached_before_timeout,False,False,True,True,,False,16.0,https://adamraudonis.github.io/DoorBench/#/review?door=db0989_gate_swing
db0990_automatic_sliding,automatic_sliding,success,True,True,True,True,,False,8.836,https://adamraudonis.github.io/DoorBench/#/review?door=db0990_automatic_sliding
db0991_saloon,saloon,success,True,True,True,True,,False,10.626,https://adamraudonis.github.io/DoorBench/#/review?door=db0991_saloon
db0992_swing_single,swing_single,goal_not_reached_before_timeout,False,False,True,True,,False,16.0,https://adamraudonis.github.io/DoorBench/#/review?door=db0992_swing_single
db0993_swing_single,swing_single,goal_not_reached_before_timeout,False,False,True,True,,False,16.0,https://adamraudonis.github.io/DoorBench/#/review?door=db0993_swing_single
db0994_turnstile_tripod,turnstile_tripod,robot_fell,False,False,True,True,,False,12.266,https://adamraudonis.github.io/DoorBench/#/review?door=db0994_turnstile_tripod
db0995_turnstile_fullheight,turnstile_fullheight,robot_fell,False,False,True,True,,False,14.648,https://adamraudonis.github.io/DoorBench/#/review?door=db0995_turnstile_fullheight
db0996_swing_single,swing_single,goal_not_reached_before_timeout,False,False,True,True,,False,16.0,https://adamraudonis.github.io/DoorBench/#/review?door=db0996_swing_single
db0997_swing_single,swing_single,goal_not_reached_before_timeout,False,False,True,True,,False,16.0,https://adamraudonis.github.io/DoorBench/#/review?door=db0997_swing_single
db0998_turnstile_tripod,turnstile_tripod,goal_not_reached_before_timeout,False,False,True,True,,False,16.0,https://adamraudonis.github.io/DoorBench/#/review?door=db0998_turnstile_tripod
db0999_swing_single,swing_single,goal_not_reached_before_timeout,False,False,True,True,,False,16.0,https://adamraudonis.github.io/DoorBench/#/review?door=db0999_swing_single
db1000_swing_single,swing_single,goal_not_reached_before_timeout,False,False,True,True,,False,16.0,https://adamraudonis.github.io/DoorBench/#/review?door=db1000_swing_single
